genre,résolution,baseline,n,FID,FID_ntest,KID_x1000,KID_std_x1000,IS,IS_std,precision,recall,density,coverage,mem_ratio,copies
portrait,64×80,Réel non vu (test),384,57.561648049147664,57.561648049147664,-0.22269124862049683,0.17020766777280885,3.8610649029529087,0.4255038927405568,0.7760416865348816,0.7850927710533142,0.9130208492279053,0.39646169543266296,1.0,0.010416666666666666
portrait,64×80,Flou léger,3448,61.23245474195886,106.55503034337875,56.55409084141285,1.4590476420074914,4.553975735842702,0.2205072225539899,0.6838746666908264,0.7120069265365601,0.2679814398288727,0.6708236336708069,1.0248645544052124,0.029292343387470998
portrait,64×80,Flou fort,3448,203.40720309993364,241.9891560730051,213.97164876083414,2.529585577507822,3.426412971426198,0.20413290937576442,0.026102086529135704,0.019431553781032562,0.005278422497212887,0.004060324747115374,1.3369914293289185,0.0
portrait,64×80,Bruit (σ=25),3448,113.94978167161389,157.66094298463756,121.32164034542323,2.1833866189111477,4.392264928639756,0.2052794992227503,0.14124129712581635,0.23723897337913513,0.03747100010514259,0.11078885942697525,1.1773755550384521,0.000580046403712297
portrait,64×80,Mode collapse (20 images),3448,196.33330756875412,197.16695751057918,15.75940003859098,0.5856298193306917,3.6863095602216047,0.093520215052299,0.9999999403953552,0.005800463724881411,0.9988398551940918,0.02929234318435192,0.0014346500393003225,1.0
portrait,64×80,Image moyenne,3448,493.05876993703146,497.8808655051421,643.098688678018,3.9072055095018863,1.0943207070696541,0.004555293481565308,0.0,0.0,0.0,0.0,1.404092788696289,0.0
portrait,64×80,Bruit pur,3448,485.6394391278867,492.054964835617,637.6859525815819,3.2938165898491625,1.0899968966941833,0.005975849384557391,0.0,0.0,0.0,0.0,1.452630877494812,0.0
portrait,64×80,Copie du train,3448,-6.821210263296962e-13,49.037024486097174,-0.21654543628631728,0.07543482559611386,4.491303341256236,0.2386935838916641,0.9999999403953552,0.9999999403953552,1.1999999284744263,0.9999999403953552,0.0010595591738820076,1.0
portrait,128×160,Réel non vu (test),384,60.818937994872215,60.818937994872215,-0.2791995513347434,0.1658103291360691,4.187585621678457,0.4548175460872853,0.7604166865348816,0.7558004260063171,1.0593750476837158,0.42691412568092346,1.0,0.010416666666666666
portrait,128×160,Flou léger,3448,21.229541647664007,70.66041748826608,11.04739165942967,0.39982814632799335,4.827348249683261,0.3001933226522753,0.9927493929862976,0.9921693205833435,0.7254640460014343,0.997099757194519,0.7478628158569336,0.447215777262181
portrait,128×160,Flou fort,3448,106.17573126123227,154.474932828789,84.6619459013088,1.2606543015987977,4.323739825365412,0.18867319319986267,0.14240138232707977,0.19808584451675415,0.039849184453487396,0.11368909478187561,1.1914185285568237,0.0017401392111368909
portrait,128×160,Bruit (σ=25),3448,71.116418160048,119.53299861800708,68.6571062464343,1.342853872586782,4.923598322967703,0.22147730860650022,0.42314383387565613,0.5469837188720703,0.14448955655097961,0.4312644898891449,1.0871120691299438,0.0095707656612529
portrait,128×160,Mode collapse (20 images),3448,209.2266705218335,209.73776202549956,15.903228483770883,0.5599902843759978,3.917909667716497,0.08851573979117948,0.9999999403953552,0.005220417398959398,0.8008120059967041,0.023781901225447655,0.0008581626461818814,1.0
portrait,128×160,Image moyenne,3448,494.3958332742501,499.32326772280567,635.9409093567818,2.91372565170943,1.0575649753669494,0.0029538362619850257,0.0,0.0,0.0,0.0,1.4165529012680054,0.0
portrait,128×160,Bruit pur,3448,474.27041567325244,481.27239239982947,596.2754775826683,3.1429083563942415,1.085989959140641,0.003023961149464296,0.0,0.0,0.0,0.0,1.4338281154632568,0.0
portrait,128×160,Copie du train,3448,-6.821210263296962e-13,52.237705044604546,-0.21042711696996896,0.07129860684218473,5.184803688515492,0.274001774609327,0.9999999403953552,0.9999999403953552,1.1999998092651367,0.9999999403953552,0.0008581626461818814,1.0
landscape,64×48,Réel non vu (test),302,58.48529633320396,58.48529633320396,-0.0789049450256396,0.2633054431416958,3.4017458822441933,0.4025349230755488,0.7417218685150146,0.7811349034309387,0.9662252068519592,0.3979366421699524,1.0,0.013245033112582781
landscape,64×48,Flou léger,2714,92.65395197199337,140.8636016106434,81.28031497655545,1.837451363490316,3.5661470483999635,0.24468743712892702,0.4211496114730835,0.464996337890625,0.1596905142068863,0.23544584214687347,1.2024954557418823,0.00036845983787767134
landscape,64×48,Flou fort,2714,263.854449602714,298.16426589969194,295.2889698229365,2.615899526450293,2.582256607705627,0.11966864522507221,0.041267503052949905,0.0003684598486870527,0.008695652708411217,0.004421518184244633,1.4938470125198364,0.0
landscape,64×48,Bruit (σ=25),2714,147.55318788218528,193.8761559211164,141.41519527812804,2.402390984054988,3.4694081771848664,0.1715995745626061,0.3680913746356964,0.21628592908382416,0.13006632030010223,0.07332351058721542,1.295963168144226,0.0
landscape,64×48,Mode collapse (20 images),2714,185.32171432660314,183.44003676577142,18.30642450206045,0.600691413598222,2.680263837923593,0.05210822124365867,1.0,0.00626381766051054,0.8708917498588562,0.03426676616072655,0.0009252119925804436,1.0
landscape,64×48,Image moyenne,2714,500.5047655835041,506.37697615425253,645.9855966108787,3.0980964592575115,1.052234936488713,0.0028901921886368286,0.0,0.0,0.0,0.0,1.5041872262954712,0.0
landscape,64×48,Bruit pur,2714,450.9412061826616,459.7308303872108,616.934831899998,2.6590674744484435,1.124214669098961,0.0065049306196820885,0.0,0.0,0.0,0.0,1.5339536666870117,0.0
landscape,64×48,Copie du train,2714,3.353761712787673e-12,50.104040626935706,-0.24259793763612425,0.06568849964224445,4.238007464695651,0.3263962731371811,1.0,1.0,1.2000000476837158,1.0,0.0004626059962902218,1.0
landscape,128×96,Réel non vu (test),302,55.49045261548662,55.49045261548662,-0.1525956590563693,0.23634803523360948,3.7364554571055932,0.400951454248285,0.7781456708908081,0.7910832762718201,0.8867549300193787,0.377302885055542,1.0,0.013245033112582781
landscape,128×96,Flou léger,2714,46.87382226466764,91.34263066228714,33.7227284514141,0.7966369585343002,3.6744250548605635,0.30822316987977705,0.7155490517616272,0.8596168160438538,0.24030953645706177,0.6967575550079346,1.023036003112793,0.015106853352984525
landscape,128×96,Flou fort,2714,179.48439924599234,223.74863307035102,156.3380924858416,1.809810398602006,3.425182470368707,0.170706808216164,0.05416359752416611,0.016212232410907745,0.011790715157985687,0.012159175239503384,1.5140717029571533,0.0
landscape,128×96,Bruit (σ=25),2714,85.80294985953248,131.87832228130267,67.90192023051594,1.0283771372268502,3.968219741591316,0.3194447373662494,0.24244658648967743,0.39204126596450806,0.0739867314696312,0.188651442527771,1.2417795658111572,0.0
landscape,128×96,Mode collapse (20 images),2714,185.59869652116797,187.70144508448092,21.838092123801268,0.9833074620949174,3.8609864557043188,0.0703350360442174,1.0,0.005526897497475147,1.1190862655639648,0.041635964065790176,0.0009948820807039738,1.0
landscape,128×96,Image moyenne,2714,481.5182303778424,486.61009778230783,627.3007753352915,2.5978521175013256,1.047066220793664,0.001577075685439633,0.0,0.0,0.0,0.0,1.6849251985549927,0.0
landscape,128×96,Bruit pur,2714,413.0392739273127,420.3434486120596,511.868917838974,2.104576594633828,1.1057014247922996,0.0058887530749924324,0.0,0.0,0.0,0.0,1.6116714477539062,0.0
landscape,128×96,Copie du train,2714,9.094947017729282e-13,46.72822096351806,-0.2184034310528693,0.05990227376246183,4.4694561876835,0.2253283606668355,1.0,1.0,1.1999999284744263,1.0,0.0004974410403519869,1.0
