run,checkpoint,genre,size,loss,diffaug,spectral_norm,lr_g,lr_d,beta1,batch_size,params_G,params_D,train_minutes,epoch,iters,n,FID,FID_ntest,KID_x1000,KID_std_x1000,IS,IS_std,precision,recall,density,coverage,mem_ratio,copies,beta2,n_dis
dcgan_portrait_64,best,portrait,64x80,bce,-,False,0.0002,0.0002,0.5,128.0,3781504,2767616,21.964610290527343,400.0,10400.0,3448.0,129.98779176460835,169.74043009605123,119.64024485256778,2.1762355950772494,3.5092050531526864,0.1581054305703944,0.3715197145938873,0.0719257518649101,0.166241317987442,0.1093387454748153,1.198746919631958,0.0,,
dcgan_portrait_64,last,portrait,64x80,bce,-,False,0.0002,0.0002,0.5,128.0,3781504,2767616,26.458961113293967,500.0,13000.0,3448.0,137.64525685412167,179.5858716889194,135.06418334751984,2.6692759238508024,3.577795885062783,0.095524269126025,0.2787123024463653,0.0823665857315063,0.1163573116064071,0.0936774909496307,1.2246187925338743,0.0,,
dcgan_diffaug_portrait_64,best,portrait,64x80,bce,"color,translation,cutout",False,0.0002,0.0002,0.5,128.0,3781504,2767616,22.908970896402995,450.0,11700.0,3448.0,116.39190411894344,161.25166520921832,100.4411347325902,2.292280280480907,3.5594910656902017,0.0973485741327934,0.5089907050132751,0.1061484888195991,0.3041763305664062,0.2009860724210739,1.1817227602005005,0.0,,
dcgan_diffaug_portrait_64,last,portrait,64x80,bce,"color,translation,cutout",False,0.0002,0.0002,0.5,128.0,3781504,2767616,25.285990059375763,500.0,13000.0,3448.0,339.5051937914927,369.2727873717651,399.58023294142674,3.674163576452471,2.5671955335710592,0.0782852750006886,0.0014501159312203,0.0,0.0002900231920648,0.0008700696052983,1.4910255670547483,0.0,,
sngan_diffaug_portrait_64,best,portrait,64x80,hinge,"color,translation,cutout",True,0.0002,0.0002,0.5,128.0,3781504,2766785,25.48123147090276,500.0,13000.0,3448.0,197.60900978973663,234.9296481326916,205.25512988861195,2.444591851374604,2.717563577822643,0.0781257399893813,0.1647331714630127,0.0014501159312203,0.0404292307794094,0.0142111368477344,1.2745963335037231,0.0,,
sngan_diffaug_portrait_64,last,portrait,64x80,hinge,"color,translation,cutout",True,0.0002,0.0002,0.5,128.0,3781504,2766785,25.48123147090276,500.0,13000.0,3448.0,197.60900978973663,234.9296481326916,205.25512988861195,2.444591851374604,2.717563577822643,0.0781257399893813,0.1647331714630127,0.0014501159312203,0.0404292307794094,0.0142111368477344,1.2745963335037231,0.0,,
optuna26_portrait_64_s42,best,portrait,64x80,bce,"color,translation",True,0.0003041101671322,0.0004984335369118,0.0,64.0,3781504,2766785,41.32731014887492,550.0,29150.0,3448.0,55.66042957319189,100.43938885485632,37.10433412570551,1.341130926064314,3.4834734081293464,0.1432539852046551,0.607598602771759,0.2633410692214966,0.5196055769920349,0.475057989358902,1.1154426336288452,0.0,0.999,2.0
optuna26_portrait_64_s42,last,portrait,64x80,bce,"color,translation",True,0.0003041101671322,0.0004984335369118,0.0,64.0,3781504,2766785,44.82185018062592,600.0,31800.0,3448.0,56.006464855803245,100.511235330248,40.24422454604974,1.3882661472317446,3.316591034588721,0.1156727968966317,0.6122389435768127,0.2566705346107483,0.531496524810791,0.4620069563388824,1.1120703220367432,0.0,0.999,2.0
optuna27_portrait_64_s42,best,portrait,64x80,bce,"color,translation",False,9.28421623632865e-05,0.0009073245443637,0.0,64.0,3781504,2767616,39.38106820980708,600.0,31800.0,3448.0,60.181079737599816,103.33055865168248,40.61000494855334,1.4680812704183122,3.524370499443381,0.1456612555595098,0.6328306198120117,0.2175173908472061,0.5650812387466431,0.5040603280067444,1.1088780164718628,0.0,0.999,2.0
optuna27_portrait_64_s42,last,portrait,64x80,bce,"color,translation",False,9.28421623632865e-05,0.0009073245443637,0.0,64.0,3781504,2767616,39.38106820980708,600.0,31800.0,3448.0,60.181079737599816,103.33055865168248,40.61000494855334,1.4680812704183122,3.524370499443381,0.1456612555595098,0.6328306198120117,0.2175173908472061,0.5650812387466431,0.5040603280067444,1.1088780164718628,0.0,0.999,2.0
optuna26_portrait_64_s1,best,portrait,64x80,bce,"color,translation",True,0.0003041101671322,0.0004984335369118,0.0,64.0,3781504,2766785,41.90203784704208,600.0,31800.0,3448.0,54.49568303256535,97.5486777333499,37.324767457004654,1.2246724364307136,3.423610449621242,0.115704545019193,0.6238399147987366,0.2778422236442566,0.6101508736610413,0.5356728434562683,1.107944369316101,0.0,0.999,2.0
optuna26_portrait_64_s1,last,portrait,64x80,bce,"color,translation",True,0.0003041101671322,0.0004984335369118,0.0,64.0,3781504,2766785,41.90203784704208,600.0,31800.0,3448.0,54.49568303256535,97.5486777333499,37.324767457004654,1.2246724364307136,3.423610449621242,0.115704545019193,0.6238399147987366,0.2778422236442566,0.6101508736610413,0.5356728434562683,1.107944369316101,0.0,0.999,2.0
optuna27_portrait_64_s1,best,portrait,64x80,bce,"color,translation",False,9.28421623632865e-05,0.0009073245443637,0.0,64.0,3781504,2767616,37.918332024415335,575.0,30475.0,3448.0,59.96810052919449,101.12199794896216,41.52352722900443,1.3780976004020662,3.474612239179565,0.1136621507980435,0.6748839616775513,0.2221577614545822,0.668213427066803,0.5075405836105347,1.0947942733764648,0.0005800464037122,0.999,2.0
optuna27_portrait_64_s1,last,portrait,64x80,bce,"color,translation",False,9.28421623632865e-05,0.0009073245443637,0.0,64.0,3781504,2767616,39.57765282392502,600.0,31800.0,3448.0,60.75527720076138,103.7818410866416,42.77836655323293,1.4231965056885054,3.5062718070134635,0.0851758296299571,0.642401397228241,0.2534802556037903,0.5675173997879028,0.4707076549530029,1.1055858135223389,0.0,0.999,2.0
optuna26_portrait_64_s2,best,portrait,64x80,bce,"color,translation",True,0.0003041101671322,0.0004984335369118,0.0,64.0,3781504,2766785,39.00916697978973,550.0,29150.0,3448.0,55.90128598093429,99.2775872141097,39.40881312280882,1.0935479699788282,3.2591869195670684,0.1020250216123863,0.6252899765968323,0.2549303770065307,0.5909512042999268,0.4869489371776581,1.1062284708023071,0.0002900232018561,0.999,2.0
optuna26_portrait_64_s2,last,portrait,64x80,bce,"color,translation",True,0.0003041101671322,0.0004984335369118,0.0,64.0,3781504,2766785,42.48990890582402,600.0,31800.0,3448.0,58.99608141269675,101.98815368259017,40.62119211721363,1.2084644703869494,3.393138417897516,0.1145230805328637,0.6096287369728088,0.2360788732767105,0.5912413001060486,0.5049303770065308,1.1033921241760254,0.0,0.999,2.0
optuna27_portrait_64_s2,best,portrait,64x80,bce,"color,translation",False,9.28421623632865e-05,0.0009073245443637,0.0,64.0,3781504,2767616,36.557657452424365,550.0,29150.0,3448.0,69.92906235257709,110.03492987007432,49.63257573033495,1.462265892795556,3.248010875639399,0.129434738679478,0.6183294653892517,0.1751740127801895,0.4978538453578949,0.3935614824295044,1.1025972366333008,0.0002900232018561,0.999,2.0
optuna27_portrait_64_s2,last,portrait,64x80,bce,"color,translation",False,9.28421623632865e-05,0.0009073245443637,0.0,64.0,3781504,2767616,39.8697759270668,600.0,31800.0,3448.0,71.76478404385972,113.0279828717776,55.15544687164819,1.487680289793477,3.248255266882538,0.0913046895546542,0.5910672545433044,0.1847447752952575,0.4731438457965851,0.364559143781662,1.1111761331558228,0.0,0.999,2.0
portrait_128_w64_s42,best,portrait,128x160,bce,"color,translation",True,0.0003041101671322,0.0004984335369118,0.0,64.0,13196160,11166657,133.3919582327207,525.0,27825.0,3448.0,71.09481477685603,112.85265463618192,52.01307994899032,1.480157894857025,2.8864848423425427,0.156843265470545,0.6641530990600586,0.1006380468606948,0.6679233908653259,0.408352643251419,1.071255803108215,0.0002900232018561,0.999,2.0
portrait_128_w64_s42,last,portrait,128x160,bce,"color,translation",True,0.0003041101671322,0.0004984335369118,0.0,64.0,13196160,11166657,152.24848534266155,600.0,31800.0,3448.0,75.47859818316459,117.99166890711928,59.27096893158399,1.6482975518805338,2.8744675498760577,0.1253493318696469,0.6583526730537415,0.0980278402566909,0.6578305959701538,0.3947215676307678,1.0832988023757937,0.0,0.999,2.0
portrait_128_w32_s42,best,portrait,128x160,bce,"color,translation",True,0.0003041101671322,0.0004984335369118,0.0,64.0,3812800,2798049,70.34445533752441,600.0,31800.0,3448.0,77.99055600724472,120.12220790842196,61.7572512220721,1.478945980575429,2.728809810208485,0.1006320960587285,0.6989558935165405,0.0693155452609062,0.6882830858230591,0.375,1.0828436613082886,0.0002900232018561,0.999,2.0
portrait_128_w32_s42,last,portrait,128x160,bce,"color,translation",True,0.0003041101671322,0.0004984335369118,0.0,64.0,3812800,2798049,70.34445533752441,600.0,31800.0,3448.0,77.99055600724472,120.12220790842196,61.7572512220721,1.478945980575429,2.728809810208485,0.1006320960587285,0.6989558935165405,0.0693155452609062,0.6882830858230591,0.375,1.0828436613082886,0.0002900232018561,0.999,2.0
landscape_64_dcgan_s42,best,landscape,64x48,bce,-,False,0.0002,0.0002,0.5,128.0,3371904,2763520,15.446675542990366,400.0,8400.0,2714.0,79.81925668074851,112.30941494788055,67.25591745993155,1.530053504491978,2.42002242110146,0.0691617379692863,0.8301400542259216,0.0324244648218154,0.9148858189582824,0.3983050882816314,0.942528247833252,0.001105379513633,0.999,1.0
landscape_64_dcgan_s42,last,landscape,64x48,bce,-,False,0.0002,0.0002,0.5,128.0,3371904,2763520,18.665128922462465,500.0,10500.0,2714.0,106.79824614067228,137.27763027448773,101.58999747649204,1.6764164815585652,2.3190853496801127,0.0679647639980047,0.6573323607444763,0.0158437732607126,0.417317658662796,0.1956521868705749,0.9854632616043092,0.0,0.999,1.0
landscape_64_best_s42,best,landscape,64x48,bce,"color,translation",True,0.0003041101671322,0.0004984335369118,0.0,64.0,3371904,2762689,27.559616943200428,600.0,25200.0,2714.0,42.324488497869226,77.45450254534013,26.552619316050063,0.8707946244117823,2.570633220741727,0.0728448190692052,0.8563007116317749,0.1952837258577346,1.1980103254318235,0.7026529312133789,0.9560884833335876,0.0014738393515106,0.999,2.0
landscape_64_best_s42,last,landscape,64x48,bce,"color,translation",True,0.0003041101671322,0.0004984335369118,0.0,64.0,3371904,2762689,27.559616943200428,600.0,25200.0,2714.0,42.324488497869226,77.45450254534013,26.552619316050063,0.8707946244117823,2.570633220741727,0.0728448190692052,0.8563007116317749,0.1952837258577346,1.1980103254318235,0.7026529312133789,0.9560884833335876,0.0014738393515106,0.999,2.0
landscape_128_w64_s42,best,landscape,128x96,bce,"color,translation",True,0.0003041101671322451,0.0004984335369118899,0.0,64.0,12376960,11158465,156.8329681992531,600.0,25200.0,2714.0,61.949276865300845,92.99127100613332,41.21975034613055,0.9245801552069524,2.350304113784106,0.0582934492086236,0.8669860363006592,0.0670596957206726,1.179734706878662,0.5187914371490479,1.002055048942566,0.0,0.999,2.0
landscape_128_w64_s42,last,landscape,128x96,bce,"color,translation",True,0.0003041101671322451,0.0004984335369118899,0.0,64.0,12376960,11158465,156.8329681992531,600.0,25200.0,2714.0,61.949276865300845,92.99127100613332,41.21975034613055,0.9245801552069524,2.350304113784106,0.0582934492086236,0.8669860363006592,0.0670596957206726,1.179734706878662,0.5187914371490479,1.002055048942566,0.0,0.999,2.0
