,epoch,FID,FID_ntest,KID_x1000,precision,recall,density,coverage,mem_ratio,copies
n°1 · DCGAN,400.0,129.988,169.74,119.64,0.372,0.072,0.166,0.109,1.199,0.0
n°2 · + DiffAugment,450.0,116.392,161.252,100.441,0.509,0.106,0.304,0.201,1.182,0.0
n°3 · + norm. spectrale + hinge,500.0,197.609,234.93,205.255,0.165,0.001,0.04,0.014,1.275,0.0
Optuna n°26 · moyenne de 3 graines,566.667,55.352,99.089,37.946,0.619,0.265,0.574,0.499,1.11,0.0
Optuna n°27 · moyenne de 3 graines,575.0,63.359,104.829,43.922,0.642,0.205,0.577,0.468,1.102,0.0
MODÈLE FINAL,600.0,54.496,97.549,37.325,0.624,0.278,0.61,0.536,1.108,0.0
réf. · Réel non vu (test),,57.562,57.562,-0.223,0.776,0.785,0.913,0.396,1.0,0.01
réf. · Flou léger,,61.232,106.555,56.554,0.684,0.712,0.268,0.671,1.025,0.029
réf. · Bruit (σ=25),,113.95,157.661,121.322,0.141,0.237,0.037,0.111,1.177,0.001
réf. · Mode collapse (20 images),,196.333,197.167,15.759,1.0,0.006,0.999,0.029,0.001,1.0
