epoch,iters,loss_d,loss_g,d_real,d_fake,seconds
1,26,0.9244100955816416,2.425377749479734,0.7551344014131106,0.26774396432133823,7.203281879425049
2,52,0.6254112926813272,2.8940211419875803,0.8034676244625678,0.17300942318084148,1.844306230545044
3,78,0.18237618557535684,3.63988066636599,0.9225338743283198,0.07914969715504692,1.718942403793335
4,104,0.6761143998457835,3.90546800998541,0.8518128135743049,0.13758461046885573,1.6810083389282227
5,130,0.5415278658843957,4.4540586196459255,0.8372799559281423,0.14759025373943865,1.699941873550415
6,156,0.9273130194498942,2.7272834479808807,0.7355225945894535,0.27581901705035794,1.6986541748046875
7,182,1.221313334428347,1.7816294041963725,0.6452284632967069,0.3489665240049362,1.7056028842926025
8,208,1.0221332265780523,1.7392101562940157,0.6776790424035146,0.3151546713824456,1.671440601348877
9,234,1.192569987131999,2.1929822094165363,0.6898996004691491,0.3223642638096443,1.6831798553466797
10,260,0.9335721524862143,1.8994193902382484,0.6972340861192117,0.29680682718753815,1.6570839881896973
11,286,0.8422238104618512,2.521696311923174,0.7323051060621555,0.25020527982941043,1.649134874343872
12,312,0.8442684893424695,2.6692701394741354,0.744798114666572,0.26822540966364056,1.6530299186706543
13,338,1.118070655144178,1.5663042217493057,0.6649595774137057,0.35112630403958833,1.6519320011138916
14,364,0.7884096663731796,2.0401648237155032,0.7276626412685101,0.2639504510622758,1.6384367942810059
15,390,1.1357482304939857,2.0202097388414235,0.651339298257461,0.33944474504544186,1.640307903289795
16,416,1.1227018305888543,1.3089609627540295,0.6356310810034091,0.37096114399341434,1.6500160694122314
17,442,1.044385504264098,1.5930348107447991,0.6618575923717939,0.35247036814689636,1.6443417072296143
18,468,1.1301407516002655,1.7336222460636725,0.6398980147563494,0.34630777916082967,1.6411998271942139
19,494,1.1672434623424823,1.5891615817180047,0.638356110224357,0.37985878265821016,1.6543478965759277
20,520,1.2361676463714013,1.4831854930290809,0.6103091469177833,0.3950895414902614,1.643669605255127
21,546,1.1454426050186157,1.4555840549560695,0.6080902826327544,0.37108725022811156,1.6496942043304443
22,572,1.1300302216639886,1.4460595227204835,0.6266472523029034,0.3760362806228491,1.6397032737731934
23,598,1.1431580094190745,1.5988343621675785,0.6379963434659518,0.378845744408094,1.6435046195983887
24,624,1.1907388407450457,1.7692865018661206,0.6261149427065482,0.3732185610211812,1.6760456562042236
25,650,1.1537090677481432,1.3043716572798216,0.6068621518520209,0.3805496388903031,1.6576969623565674
26,676,1.117320335828341,1.2661839735049467,0.6173563209863809,0.377370559825347,1.8480494022369385
27,702,1.1568056849332957,1.551605591407189,0.6220554434336149,0.38301134281433546,1.700225591659546
28,728,1.097443156517469,1.363955211180907,0.6398036021452683,0.36903962378318494,1.717480182647705
29,754,1.1410874518064351,1.546221368587934,0.6102988742865049,0.3748600245095216,1.7426319122314453
30,780,1.1811341437009664,1.6044233166254485,0.6235315352678299,0.3804745926306798,1.7666666507720947
31,806,1.248557828939878,1.339895819242184,0.5939587217110854,0.4132331701425406,1.7288007736206055
32,832,1.2214312186607947,1.339163071834124,0.6032233089208603,0.39333585592416614,1.6970674991607666
33,858,1.226039389005074,1.2051320534486036,0.5945730874171624,0.4099110330526645,1.6741447448730469
34,884,1.229680292881452,1.2439440511740172,0.595914595402204,0.4095296882666074,1.672900915145874
35,910,1.1730343263882856,1.3010851878386278,0.6077773376153066,0.3986955050092477,1.6674964427947998
36,936,1.3112999292520375,1.22598820237013,0.5681085311449491,0.4169102397102576,1.6663548946380615
37,962,1.2842354407677283,1.1434852320414324,0.5819046795368195,0.4249446214391635,1.6495203971862793
38,988,1.1968236794838538,1.1279424887437086,0.5872541081446868,0.40182454884052277,1.6622576713562012
39,1014,1.211849739918342,1.2400176043693836,0.6043647435995249,0.41290435653466445,1.647606611251831
40,1040,1.275793623465758,1.3180049560390985,0.5944504909790479,0.41146525339438367,1.6640703678131104
41,1066,1.1783065589574666,1.2290166249642005,0.594635668855447,0.39342934580949634,1.6622512340545654
42,1092,1.1774815710691304,1.2412932973641615,0.6027790904045105,0.40377728870281804,1.6641383171081543
43,1118,1.2222631665376515,1.3261943757534027,0.5942355314126382,0.3981280716565939,1.651944875717163
44,1144,1.149448812007904,1.3071840222065265,0.6050811387025393,0.3873018565086218,1.6562342643737793
45,1170,1.2129342005803034,1.337938904762268,0.6034842477394984,0.3994870985356661,1.6580946445465088
46,1196,1.2377039537980006,1.3161278710915492,0.5958177315501066,0.4034675176327045,1.666712760925293
47,1222,1.260544506403116,1.1797241041293511,0.5791629656003072,0.4167927560897974,1.6604876518249512
48,1248,1.1850053851421063,1.2957181242796092,0.6001439988613129,0.4011425834435683,1.6665539741516113
49,1274,1.22203129529953,1.17379230260849,0.5940707016449708,0.41349897934840274,1.6729400157928467
50,1300,1.1496723638131068,1.3192161550888648,0.6126447434608753,0.38673172088769764,1.6602699756622314
51,1326,1.1740682629438548,1.2376402100691428,0.5969380358090768,0.3962581478632413,1.6445419788360596
52,1352,1.1254858649694002,1.37468932225154,0.6266977007572467,0.3794580950186803,1.6900465488433838
53,1378,1.2103419372668633,1.1912661022864854,0.5942941181934797,0.4038156339755425,1.6806213855743408
54,1404,1.2046510737675886,1.4067009962522066,0.6081594515305299,0.3945247562458882,1.689490795135498
55,1430,1.1207263859418721,1.4801551080667055,0.6177773429797246,0.3766656248615338,1.7130393981933594
56,1456,1.2797123881486745,1.2840554966376378,0.5782447904348373,0.4189765046422298,1.666517972946167
57,1482,1.2672888682438777,1.3117773223381777,0.587722486601426,0.40742700833540696,1.666985034942627
58,1508,1.257005017537337,1.1831793922644396,0.5806929274247243,0.4127750557202559,1.6599819660186768
59,1534,1.2404137941507192,1.1654095259996562,0.5882945358753204,0.42320318405444807,1.6562221050262451
60,1560,1.1174185619904444,1.215228802882708,0.6050965545269159,0.3832198054744647,1.6604487895965576
61,1586,1.2007335011775677,1.2277335753807654,0.6076890803300418,0.4082147811467831,1.6645009517669678
62,1612,1.1634553189461048,1.2147001337546568,0.600040832391152,0.38869940088345456,1.6583805084228516
63,1638,1.2440906579677875,1.2528270173531313,0.5994440626639587,0.41255243581074935,1.6679491996765137
64,1664,1.3162139585384955,1.1171131030871317,0.5624408784967202,0.4177030571378194,1.6589865684509277
65,1690,1.1319426664939294,1.200631783558772,0.6153985594327633,0.38616005102029216,1.656477689743042
66,1716,1.1702676323743968,1.173381317120332,0.5970911612877479,0.4028314913694675,1.6599535942077637
67,1742,1.3521299843604748,1.301874360212913,0.5910058199213102,0.40907682944089174,1.6648564338684082
68,1768,1.0599578366829798,1.3731257961346552,0.6331787327161202,0.3768923001793715,1.6688733100891113
69,1794,1.3101868491906385,1.2961647258355067,0.5828531166681876,0.41739950386377483,1.6598308086395264
70,1820,1.16271933225485,1.2056523125905256,0.6006367389972394,0.39246945885511547,1.6731071472167969
71,1846,1.1695654392242432,1.3369954858834927,0.6138714941648337,0.395576478770146,1.6787798404693604
72,1872,1.1257129678359399,1.3421878287425408,0.6187694038336093,0.3844414986670017,1.6676621437072754
73,1898,1.1865053887550647,1.3052046665778527,0.6091298094162574,0.3914742057140057,1.6822152137756348
74,1924,1.1430231447403247,1.234665104976067,0.6053444158572417,0.37981077799430263,1.6769132614135742
75,1950,1.1074139727995946,1.3305563559898963,0.6238102798278515,0.38672385765955997,1.6611835956573486
76,1976,1.2176463764447432,1.3739222563230074,0.6071954426857141,0.3931427342960468,1.6466412544250488
77,2002,1.1387875148883233,1.3708341339459786,0.6208179765022718,0.3872396583453967,1.6866958141326904
78,2028,1.0478218954343061,1.3815907606711755,0.6408758725111301,0.37126186146185947,1.6582329273223877
79,2054,1.172624727854362,1.367951057278193,0.607359878718853,0.37280921494731534,1.6957511901855469
80,2080,1.1230696187569544,1.311039605965981,0.624841605241482,0.3844791937332887,1.6856372356414795
81,2106,1.1992368331322303,1.2861739236574907,0.6025712180596131,0.3846949092470683,1.6736273765563965
82,2132,1.08755561709404,1.263541184938871,0.617152316065935,0.37583222813331163,1.6763780117034912
83,2158,1.098018052486273,1.3972486486801734,0.6281121315864416,0.36572316690133166,1.671414852142334
84,2184,1.213740967787229,1.4335814020954645,0.6253668963909149,0.39025789270034206,1.6784467697143555
85,2210,1.1695924470057855,1.352845428081659,0.6064730372566444,0.3837786311140427,1.6682004928588867
86,2236,1.1100458319370563,1.3366373364741986,0.6271112630000482,0.3880040806073409,1.6651034355163574
87,2262,1.1318196516770582,1.3834800376341894,0.6184943249592414,0.3743829262944368,1.6667165756225586
88,2288,1.1013699724124029,1.265156938479497,0.6244286172665082,0.37559574326643574,1.6507599353790283
89,2314,1.1124382110742421,1.3971733164328795,0.6340598888122119,0.37388179565851504,1.650550127029419
90,2340,1.1292228538256426,1.3813416980780089,0.6249288114217612,0.3678826059286411,1.6699416637420654
91,2366,1.157255000793017,1.321136786387517,0.6166728058686624,0.3810398948307221,1.6821684837341309
92,2392,1.2324802302397215,1.2740160994804823,0.6189762583145728,0.40141478180885315,1.6725013256072998
93,2418,1.0865690914484172,1.2766253661650877,0.6317280966501969,0.3708261325955391,1.683372974395752
94,2444,0.9885274722025945,1.4958879798650742,0.6483500909346801,0.3287478950447761,1.6696789264678955
95,2470,1.335727762717467,1.1870502531528473,0.5756147778951205,0.4261991622356268,1.663576364517212
96,2496,1.244552534360152,1.1558557531008353,0.5866215194647129,0.409754488330621,1.66279935836792
97,2522,1.1829608197395618,1.2600829326189482,0.6267997060830777,0.40865615755319595,1.660489797592163
98,2548,1.1085584369989543,1.248386371594209,0.6083371570477119,0.37006689550784916,1.6702525615692139
99,2574,1.072541254071089,1.5239171018967261,0.6554207333291953,0.3415566893437734,1.6826667785644531
100,2600,1.2957171362179976,1.0090238933379834,0.5603643357753754,0.4393678020972472,1.6692240238189697
101,2626,1.193420288654474,1.211339485186797,0.6070999743846747,0.39953460544347763,1.6513080596923828
102,2652,1.2046472453154051,1.1528948207314198,0.6004235870563067,0.3904875797721056,1.6826081275939941
103,2678,1.1181109639314504,1.26994528564123,0.6231296119781641,0.3816087372027911,1.671612024307251
104,2704,1.1296518513789544,1.3300783702960381,0.6244617184767356,0.3759046274308975,1.6938023567199707
105,2730,0.8195410072803497,1.8994348049163818,0.726222632596126,0.2821687672000665,1.701894760131836
106,2756,1.209079079903089,1.5000594487557044,0.612500901405628,0.3772071390770949,1.6663310527801514
107,2782,1.300149000608004,1.1147825637689004,0.5797912570146414,0.428025616476169,1.6649491786956787
108,2808,1.1430875865312724,1.1374460378518472,0.6056053099723963,0.40290437868008244,1.674473524093628
109,2834,1.129283043054434,1.3517370648108995,0.6219808367582468,0.37276384377708804,1.6674978733062744
110,2860,1.1285060071028197,1.1867868178165877,0.6009370134426997,0.3816032329430947,1.6656882762908936
111,2886,0.9475334321077054,1.5850186691834376,0.7008710331641711,0.3194156213162037,1.658357858657837
112,2912,0.8050003842665598,1.8155845197347493,0.7268586565668766,0.27339649487000245,1.6502749919891357
113,2938,0.8781945017667917,1.5037151254140413,0.6827342831171476,0.31076627797805345,1.6485059261322021
114,2964,1.2044431498417487,1.3458330551019082,0.6148977612073605,0.39435240554694945,1.6532213687896729
115,2990,0.7299697657044117,2.1275298985151143,0.7512748293005503,0.23708746994200808,1.6498172283172607
116,3016,1.3142797580132117,1.0053470811018577,0.5612608526761715,0.44389174018914884,1.6636061668395996
117,3042,1.2781619933935313,1.1104009518256555,0.5766179584539853,0.42557922578774965,1.6597075462341309
118,3068,1.217987482364361,1.0406018243386195,0.5728933329765613,0.42305297691088456,1.66448974609375
119,3094,1.1714088114408345,1.1681352968399341,0.5963568377953309,0.4025269729586748,1.6685903072357178
120,3120,1.1759647497764,1.236022142263559,0.6005580207476249,0.4077915944732152,1.6574172973632812
121,3146,1.0208869668153615,1.4890580635804396,0.647085553751542,0.3417078067476933,1.6617774963378906
122,3172,1.013399861752987,1.5590264269938836,0.6625121614107718,0.338338526395651,1.6653809547424316
123,3198,1.2818729006327116,1.0553545493345995,0.5648492769553111,0.4269374735080279,1.6634902954101562
124,3224,1.236030088021205,1.0174113305715413,0.5819462010493646,0.4353570949572783,1.6623406410217285
125,3250,1.2206904658904443,1.032274720760492,0.5798559395166544,0.4236690424955808,1.6705741882324219
126,3276,1.2407405055486238,1.07058542737594,0.562737008700004,0.42286349489138675,1.6600470542907715
127,3302,1.1941413283348083,1.069686574431566,0.5914984952944976,0.41794533053269756,1.6794185638427734
128,3328,1.2247819831738105,1.1478968996268053,0.5889795881051284,0.414162726356433,1.6733806133270264
129,3354,1.1932511283801153,1.0645116498837104,0.582461070555907,0.4073228274400418,1.6950769424438477
130,3380,1.1566803868000324,1.144161038673841,0.6016107660073501,0.4097244361272225,1.6852538585662842
131,3406,1.3368178376784692,1.1594410997170668,0.5644911493246372,0.4257743874421486,1.6820809841156006
132,3432,1.2351640096077552,1.1446326673030853,0.5890927544006934,0.4144761980726169,1.6743474006652832
133,3458,1.2066392852709844,1.1740909642898119,0.584526287821623,0.40653432045991605,1.6809773445129395
134,3484,1.1792851182130666,1.3301505492283747,0.6187812720353787,0.38209952929845226,1.6522023677825928
135,3510,1.275039134117273,1.1601893684038749,0.5791802154137538,0.42184576162925136,1.6503093242645264
136,3536,1.3072003171994135,1.21539817406581,0.5644233043377216,0.42756407306744504,1.6767206192016602
137,3562,1.1398153603076935,1.366743294092325,0.6381927227171568,0.37036046915902543,1.666902780532837
138,3588,0.9359226054870166,1.7660855072048993,0.7077176570892334,0.3162730334040064,1.6564457416534424
139,3614,1.2792439369054942,0.9532026235873883,0.5551073241692323,0.43625931957593334,1.666733741760254
140,3640,1.1978664123095,1.0536190752799695,0.5761935298259442,0.41232218650671154,1.6667802333831787
141,3666,1.2676881551742554,1.0715326070785522,0.5831315597662559,0.43439304341490453,1.6703400611877441
142,3692,1.112897785810324,1.3130444357028375,0.6169228742902095,0.3747638916740051,1.6849758625030518
143,3718,1.2108281025519738,1.0881193922116206,0.5901731917491326,0.42238475382328033,1.6841363906860352
144,3744,1.1510056050924153,1.2079837310772676,0.6062838274698991,0.38813934475183487,1.6766655445098877
145,3770,1.2399346553362334,0.9803932653023646,0.5644224148530227,0.4255887476297525,1.6668586730957031
146,3796,1.2470658994638002,1.1249328737075512,0.5889219131607276,0.4189066147575012,1.6819274425506592
147,3822,1.0318071865118468,1.4362569634731,0.6475080354855611,0.3457180101137895,1.6714088916778564
148,3848,1.0992360092126405,1.253910550704369,0.6142064596597965,0.3899938312287514,1.6733126640319824
149,3874,1.2237697450014262,1.0151396095752716,0.5820758514679395,0.4248304653626222,1.670959234237671
150,3900,1.2246856437279627,1.1173537854964917,0.5777076511428907,0.4053508249612955,1.6833975315093994
151,3926,1.233497216151311,1.1383616213615124,0.5871602892875671,0.420589312337912,1.6476855278015137
152,3952,1.1388530020530407,1.3975700466678693,0.6363806781860498,0.3740448892259827,1.6911523342132568
153,3978,1.2738767495522132,1.04457119680368,0.5628662132299863,0.4334539335507613,1.6606004238128662
154,4004,1.2540906025813177,1.0085441011648912,0.5673422022507741,0.4270346015691757,1.6816527843475342
155,4030,0.8142109622175877,1.7474048940035014,0.7271043142447104,0.29190637156940424,1.693314790725708
156,4056,1.129496975013843,1.72337733151821,0.6690055349698434,0.3161892234705962,1.6923828125
157,4082,1.3876445430975695,0.9593213097407267,0.5438513904809952,0.46103808971551746,1.6721947193145752
158,4108,1.3238419042183802,1.0061361675079052,0.5553122735940493,0.4460356602301964,1.6583478450775146
159,4134,1.2691884224231427,1.0365829949195569,0.5619698189772092,0.4413619488477707,1.6603574752807617
160,4160,1.2797582837251515,0.9708168437847724,0.5567635206075815,0.4367272062943532,1.6661853790283203
161,4186,1.3244797679094167,1.1415544817080865,0.5729735803145629,0.430339382818112,1.6676347255706787
162,4212,1.25711861711282,1.032811429638129,0.5728542564006952,0.42315528427179044,1.6562533378601074
163,4238,0.7328993494694049,1.9055918500973628,0.7420327812433243,0.26752981085043687,1.664179801940918
164,4264,0.27069173781917644,2.8499883550864,0.8972359391359183,0.1172403826808127,1.6789016723632812
165,4290,1.1778307591493313,1.6717195201378603,0.6328049359413294,0.3587065380997956,1.673125982284546
166,4316,1.2604845945651715,1.1163442937227397,0.5896450865727204,0.42309845926669926,1.6772000789642334
167,4342,1.0653203989450748,1.540184504710711,0.634073946911555,0.3573943509791906,1.6685714721679688
168,4368,1.0645930446111238,1.3337140106237853,0.6336649891275626,0.36487570806191516,1.67063307762146
169,4394,1.213957740710332,1.0494698240206792,0.5689272112571276,0.4191196962044789,1.6605565547943115
170,4420,1.2547131776809692,1.0421072336343618,0.5745296329259872,0.43710674803990585,1.6729393005371094
171,4446,1.183248329621095,1.2401428016332479,0.6069375906999295,0.4103481930035811,1.6725308895111084
172,4472,1.1831844752797713,1.3008226202084467,0.6098263292358472,0.38458770499206507,1.6788268089294434
173,4498,0.6239921860396862,2.3133885023685603,0.7951081016888986,0.20477239687282306,1.6719510555267334
174,4524,1.2951761025648851,1.2024027109146118,0.5778959972354082,0.4128521147828836,1.6602020263671875
175,4550,1.2627159655094147,1.0059319207301507,0.5692855612589762,0.42954913584085613,1.670828104019165
176,4576,1.2287677480624273,1.0165696545289113,0.5776450439141347,0.4288836946854225,1.670405387878418
177,4602,1.2229226323274465,1.020808811371143,0.5648321406199381,0.42522642933405363,1.6799824237823486
178,4628,1.1756912515713618,1.0877950397821574,0.6019199307148273,0.42016709595918655,1.659224510192871
179,4654,1.0452954064194973,1.5731229071433728,0.6509198752733377,0.34122392678490054,1.6847717761993408
180,4680,1.188457809961759,1.644033895089076,0.65295155496838,0.34802024770313156,1.6854822635650635
181,4706,1.0670986324548721,1.3837833072130497,0.6522330423960319,0.35980493331757873,1.6862568855285645
182,4732,0.9987732108968955,1.7399323330475733,0.6827387491670939,0.31751948695343274,1.6967601776123047
183,4758,0.9669155426896535,1.7086612244064991,0.6800834166889007,0.3178178039737619,1.6864850521087646
184,4784,1.2568991780281067,0.9547250866889954,0.5612347103082217,0.4317264545422334,1.675724744796753
185,4810,1.2349902941630437,1.0260552442990816,0.5789462385269312,0.4228127673268318,1.6676671504974365
186,4836,0.9776644225303943,1.408100535090153,0.6552934486132401,0.3543486065016343,1.6667795181274414
187,4862,0.10842541691202384,3.6495737525132985,0.9557061401697305,0.056025996804237366,1.6714026927947998
188,4888,1.1457024812698364,1.5737637086556509,0.6383928708159007,0.3522201762176477,1.651724100112915
189,4914,1.2011213142138262,1.2326059226806347,0.5902333305432246,0.403198513847131,1.6722447872161865
190,4940,1.2028968746845539,1.2182693206346953,0.5920655383513524,0.4126108575325746,1.674238920211792
191,4966,1.2097851863274207,1.029303564475133,0.5774624290374609,0.4209257914469792,1.670151948928833
192,4992,1.2829478428913996,1.0426000757859304,0.5560956803651956,0.42982419637533337,1.6666884422302246
193,5018,1.2624184168302095,1.0344988164993434,0.5721403474991138,0.4336041034414218,1.66697359085083
194,5044,1.2265682741999626,1.2627531014955962,0.5992406658255137,0.3946329022829349,1.6640756130218506
195,5070,1.237849065890679,0.9630406475984133,0.5656644002749369,0.43637802050663876,1.6626975536346436
196,5096,1.1980372140040765,1.0134116090261018,0.5832738326146052,0.4229795497197371,1.6527423858642578
197,5122,1.135046580663094,1.0161838233470917,0.5885810554027557,0.4013528743615517,1.6661758422851562
198,5148,1.1688904533019433,1.010952236560675,0.5832845293558561,0.4130637261729974,1.6726360321044922
199,5174,1.1356020821974828,1.1860085794558892,0.6093846467825083,0.3984915946538632,1.681286096572876
200,5200,1.3338746038767009,1.0911021427466319,0.567576548227897,0.4293317837783924,1.6625714302062988
201,5226,0.5354109449455371,2.4362643429866204,0.8059820429636881,0.19811116424030983,1.6493735313415527
202,5252,0.8584419053334457,2.147574101503079,0.7253408454931699,0.28962406892186177,1.6769530773162842
203,5278,1.0289276196406438,1.6258689004641314,0.6575465953120818,0.322894864429075,1.6483495235443115
204,5304,0.5697211211977097,2.5115701395731707,0.8040524881619674,0.21468968564071333,1.6794970035552979
205,5330,0.5115806344323434,3.46333373681857,0.8661870993673801,0.10994386486709118,1.6766669750213623
206,5356,1.2604317710949824,1.1663392667586987,0.5963643284944388,0.4089501697856646,1.677004098892212
207,5382,1.3115291733008165,1.057155205653264,0.5711297518931903,0.4390605722482388,1.6732990741729736
208,5408,1.215150998188899,0.9898683509001365,0.5789414667166196,0.4151847242162778,1.6765522956848145
209,5434,1.229939116881444,1.0995828830278838,0.587632220525008,0.4282886999157759,1.6563689708709717
210,5460,1.2152213843969197,0.984668832558852,0.5644689420094857,0.41225214703724933,1.6498749256134033
211,5486,1.2257573421184833,1.1494124829769135,0.581215602847246,0.4256730182812764,1.6518054008483887
212,5512,1.20732077726951,1.0356308130117564,0.5839664511955701,0.42707107617304874,1.6661028861999512
213,5538,1.197801113128662,1.0642818120809703,0.5800881832838058,0.4171692304886304,1.6599185466766357
214,5564,1.1864192073161786,1.182684445610413,0.5893406971142843,0.39537931663485676,1.6658577919006348
215,5590,0.44873632519290996,2.253244459629059,0.8310233194094437,0.17426507447201472,1.6665732860565186
216,5616,1.2385647961726556,1.1233094732921858,0.6009851533633012,0.4135135601346309,1.650430679321289
217,5642,1.0876817244749803,1.3762733867535224,0.6450529190210196,0.37573380119955313,1.664334774017334
218,5668,0.39937747083604336,3.6202959830944357,0.8805912062525749,0.09831210506784444,1.6582508087158203
219,5694,1.201087484566065,1.395696596457408,0.6250648481341509,0.3893704242431201,1.663832187652588
220,5720,1.1589710872906904,1.2505023639935713,0.6188841232886682,0.38544097313514125,1.6576919555664062
221,5746,0.9982738870267684,1.8544010267807887,0.6699897957822452,0.3025816335127904,1.6636309623718262
222,5772,1.2691324192744036,1.0426861345767975,0.5599027551137484,0.44003553688526154,1.675445318222046
223,5798,1.1856987247100244,1.0301650831332574,0.5786313128012878,0.4188506224980721,1.6661350727081299
224,5824,1.2686117062201867,1.1560221108106465,0.5724344471326241,0.42987289738196593,1.6787848472595215
225,5850,1.2535335650810828,1.0624716992561634,0.5762804311055404,0.4326406745956494,1.674180507659912
226,5876,1.1535365306414092,1.0513736536869636,0.5874112374507464,0.40932784229516983,1.6420059204101562
227,5902,1.1352089024507082,1.1499990362387438,0.6016214421162238,0.39636346927055943,1.6865794658660889
228,5928,0.893050206395296,1.6298702886471381,0.7013862740535003,0.3153148072843368,1.6744587421417236
229,5954,1.1387743101670191,1.1892697215080261,0.6027189418673515,0.39346043991211516,1.6910154819488525
230,5980,1.212495010632735,1.096212597993704,0.580830190044183,0.40050468708460146,1.6886348724365234
231,6006,1.1585791133917296,1.076702975309812,0.6006542925651257,0.41145101820047086,1.6740269660949707
232,6032,0.654565046613033,2.244111920778568,0.776518855530482,0.22704746201634407,1.6618669033050537
233,6058,0.5834843176058851,3.1214855255988927,0.8277868897869036,0.16669191006803885,1.6669456958770752
234,6084,1.2131822200921865,1.160563193834745,0.589409704391773,0.41420538551532304,1.6618525981903076
235,6110,1.2496876212266774,1.0778912947728083,0.5774098543020395,0.42792668365515196,1.6541266441345215
236,6136,1.250277232665282,1.033298902786695,0.5687515586614609,0.4181719726094833,1.6532557010650635
237,6162,1.2008046943407793,1.1075434340880468,0.5882534648363407,0.41103053379517335,1.6533904075622559
238,6188,1.134385659144475,1.2278694487535036,0.6215729243480242,0.4004510446236684,1.6672124862670898
239,6214,1.3577466950966761,1.6902986810757563,0.6167914738448766,0.37568609269622427,1.663573980331421
240,6240,0.9296513400398768,1.6285148904873774,0.664045410660597,0.30534207015835607,1.669663429260254
241,6266,1.0051798797570741,1.190075280574652,0.6527128643714465,0.38283025186795455,1.6662039756774902
242,6292,0.49429274479357094,2.691567796927232,0.8422833795730884,0.19509961294869965,1.6529045104980469
243,6318,1.4600593012112837,1.0915357453318744,0.54319347641789,0.4144696472212672,1.6637201309204102
244,6344,1.1990805795559516,1.1082596389146953,0.5826826084118623,0.41968561193117726,1.6604299545288086
245,6370,1.2032260275804079,1.10261142712373,0.5783593184672869,0.4241779148578644,1.6705336570739746
246,6396,1.1931965626203096,1.0457205061729138,0.5808388143777847,0.41703154949041515,1.6461553573608398
247,6422,1.1814600618985982,1.0784295350313187,0.5821003443919696,0.4078276524176964,1.656365156173706
248,6448,1.1429868844839244,1.166897253348277,0.6138561230439407,0.4021725585827461,1.662667989730835
249,6474,0.8678528334085758,1.7417047012310762,0.7017617271496699,0.2986530497526893,1.667771816253662
250,6500,0.7401652278808447,2.3525256858422208,0.7629688972463975,0.2347316831493607,1.652801275253296
251,6526,0.6272053583883322,2.99768152145239,0.8276904996197957,0.15733472494265208,1.6505250930786133
252,6552,0.9506390845546355,1.6743950752111583,0.6747937660950881,0.32909886204064465,1.6823163032531738
253,6578,0.16530590733656517,3.797015185539539,0.9409085878959069,0.0854091809462541,1.6743485927581787
254,6604,0.047784263196472936,4.648880674288823,0.978931358227363,0.025087307368476804,1.695340633392334
255,6630,0.4904143068079765,3.5196510003163266,0.8238116279244423,0.15120699299194923,1.6908960342407227
256,6656,1.019640285235185,1.462012577515382,0.6539471424542941,0.35926715112649477,1.6611824035644531
257,6682,1.0838309526443481,1.2610772252082825,0.6202043420993365,0.38487783246315443,1.6467630863189697
258,6708,1.2384716662076802,1.2299741506576538,0.6026904542858784,0.40645307015914184,1.6489810943603516
259,6734,1.2005804914694567,1.1624928002174084,0.5947108085338886,0.4003209483165007,1.6491565704345703
260,6760,1.1074682428286626,1.0881196065590932,0.6175866757447903,0.3739467693062929,1.6612708568572998
261,6786,0.6937183832319883,2.251604912372736,0.7913351692259312,0.21032654017639849,1.665799617767334
262,6812,0.443609017950411,3.0845455550230465,0.8380928108325372,0.15301451318037623,1.6526281833648682
263,6838,1.037990377499507,1.2408749346549695,0.6313217477156565,0.37456473077719027,1.6621694564819336
264,6864,1.0509866384359507,1.6895637512207031,0.6594186677382543,0.34206030216927713,1.652705430984497
265,6890,0.9643910573079035,1.815672449194468,0.674099688919691,0.3135656100841096,1.6513655185699463
266,6916,1.2036151616619184,1.4071697260324771,0.6299675181508064,0.3772631644342954,1.6450369358062744
267,6942,1.157251979296024,1.0867314269909492,0.5967737344595102,0.4001733007339331,1.6421873569488525
268,6968,0.8017977983332597,1.8338281237162077,0.7253475693555979,0.2911739916755603,1.6614038944244385
269,6994,0.9851092257751868,1.6339936485657325,0.6700565333549793,0.3238226093280201,1.6492247581481934
270,7020,1.119873503079781,1.1111771636284316,0.6111295188848789,0.39901904647166914,1.6573307514190674
271,7046,0.8861345355040752,1.808642254425929,0.6931158361526636,0.2982268635622369,1.6609463691711426
272,7072,0.6775060571157016,3.6312685104516835,0.8239148393846475,0.18242727003346842,1.6749234199523926
273,7098,1.1191331996367528,1.2516260651441722,0.6093907849146769,0.3855097649189142,1.6630399227142334
274,7124,0.752885259114779,2.065895898984029,0.7504220146399277,0.25757292851519126,1.6520133018493652
275,7150,0.9621720205132778,2.624539478896902,0.7629444666941149,0.22747045856354256,1.6644878387451172
276,7176,1.3472495056115663,1.147693694784091,0.5677191266933312,0.422312512778892,1.6548206806182861
277,7202,0.5962905829342512,2.2952452026880703,0.7913691321244607,0.2356649050489068,1.68473482131958
278,7228,1.0186287743540912,1.5813225705463152,0.6482723779403247,0.3391613607796339,1.6537957191467285
279,7254,1.1887424267255342,1.1097673796690428,0.5925257893709036,0.41373448876234203,1.6835017204284668
280,7280,1.0494921207427979,1.1385281498615558,0.615971170938932,0.37706907437397885,1.667724609375
281,7306,1.067271344936811,1.157746856029217,0.6229373285403619,0.3909418067106834,1.679203987121582
282,7332,0.8748693678241509,1.5552453146531031,0.6826699525117874,0.31208122650591225,1.662987470626831
283,7358,1.0627454158205252,1.8098309659040892,0.6604505591094494,0.3354596522448656,1.6691858768463135
284,7384,1.035287400850883,1.1450761212752416,0.6269693007835975,0.37078532633873135,1.6808266639709473
285,7410,0.9687770765561324,1.326335847377777,0.6534063437810311,0.35485515342308926,1.6542718410491943
286,7436,1.0625198013507402,1.6282974160634553,0.6634591261927898,0.3246052835781414,1.665557622909546
287,7462,0.15907244230262363,4.146108686923981,0.9396835473867563,0.0764973966154055,1.6449103355407715
288,7488,0.4740148402678852,3.9084970951080322,0.8647657744586468,0.10732506384150699,1.6466021537780762
289,7514,0.9982164662617904,1.5378530208881085,0.6872156101923722,0.35799364229807484,1.6476714611053467
290,7540,0.7672414814050381,1.953645068865556,0.7289625624051461,0.2670019115321338,1.6547706127166748
291,7566,0.08332029955748183,4.867513088079599,0.9608721985266759,0.03736395405856176,1.6656901836395264
292,7592,1.135607970591921,2.186820084085831,0.6640215318363446,0.31903486838564277,1.6488678455352783
293,7618,1.3422238184855535,1.2236974554566236,0.5813456819607661,0.4266091424685258,1.652463436126709
294,7644,1.2303355565437903,1.1399944103681123,0.5816170200705528,0.4085082790026298,1.658407211303711
295,7670,1.0793617092646086,1.2556112282551253,0.6116216824604914,0.3801146877499727,1.6752917766571045
296,7696,1.1149162283310523,1.1786500834501707,0.625914053275035,0.3984712648850221,1.6665799617767334
297,7722,0.7169462373623481,2.223151525625816,0.7392166692477006,0.2403360300948127,1.6672589778900146
298,7748,1.1561837265124688,1.183129757642746,0.6009461593169433,0.4003179589143166,1.6560561656951904
299,7774,1.0717916190624237,1.193538493835009,0.6237439811229706,0.37655380310920566,1.6573724746704102
300,7800,0.35820714849978685,3.4461939357794247,0.8657542994389167,0.1340365033292283,1.6590673923492432
301,7826,0.018984476713320382,4.69981496150677,0.9940123947767111,0.012801524932281328,1.6499407291412354
302,7852,0.07298288179131654,5.001970080228952,0.9688094120759231,0.037366482256822146,1.6890888214111328
303,7878,0.4629029888802996,3.257244735956192,0.8436623433461556,0.15885999979666218,1.6718108654022217
304,7904,0.7590610102678721,2.6704400651730023,0.7687853058943381,0.22829997819364786,1.6895418167114258
305,7930,1.0296157277547395,1.4783388811808367,0.6614536333542603,0.34676763902489954,1.7112395763397217
306,7956,0.773035352333234,2.7111644194676328,0.7752233992975491,0.21847527413270795,1.6804015636444092
307,7982,0.10610610175018127,4.499542901149163,0.959945036814763,0.05091781882443824,1.6846904754638672
308,8008,0.04942808142648293,5.046335027768062,0.9778952781970685,0.02489298805952645,1.6840708255767822
309,8034,0.6450838815564146,3.518223948776722,0.8459277156238946,0.14526391494123694,1.684760570526123
310,8060,1.0464612314334283,1.4189263788553386,0.6448407494104825,0.3570525680597012,1.6580307483673096
311,8086,1.0224945017924676,1.2309212982654572,0.6431971524770443,0.357736899302556,1.6552762985229492
312,8112,1.1046951183905969,1.253298016694876,0.6154644661224805,0.37524236595401395,1.6446027755737305
313,8138,1.44852753671316,1.8202952466045434,0.6220278818733417,0.3772094386110369,1.6461801528930664
314,8164,1.3141654340120463,1.0010041823753943,0.559409689444762,0.43868672675811327,1.6604719161987305
315,8190,1.2692937277830565,1.1601699579220552,0.5808912177498524,0.412788592852079,1.662975549697876
316,8216,0.5256079873786523,2.5961838433375726,0.8233881581288117,0.19379974994808435,1.6534669399261475
317,8242,0.9424942058439438,2.071243459215531,0.7095555562812549,0.27375491565236676,1.6668932437896729
318,8268,0.5707662801903027,2.866738321689459,0.8257735711880602,0.18104928834005618,1.6774487495422363
319,8294,0.6550978223005166,3.221455919054838,0.7954240154761535,0.19432215806311712,1.6559252738952637
320,8320,1.1419954208227305,0.9597827585843893,0.5881806176442367,0.4049198306523837,1.6573076248168945
321,8346,1.15418230341031,1.0544908092572138,0.5942518630853066,0.4138852380789243,1.6590754985809326
322,8372,1.0657528845163493,1.1980740955242744,0.6170525596692011,0.36714196004546606,1.6612255573272705
323,8398,0.23688265387541974,3.9169745491101193,0.9281076869139304,0.09282348043500231,1.6678872108459473
324,8424,0.023402665956662252,4.507579124890841,0.9920981732698587,0.015256793453143193,1.6608023643493652
325,8450,0.4230831131482354,3.878046007683644,0.8699979226176555,0.1163371723333302,1.6604642868041992
326,8476,1.0079230093039,1.3904951833761656,0.6485921201797632,0.3503672887499516,1.6549105644226074
327,8502,1.1316143022133753,1.1989448781196888,0.5995185088652831,0.3889048815919803,1.6601283550262451
328,8528,1.2424131700625787,1.166374928676165,0.5907248476376901,0.4080375134944916,1.6782000064849854
329,8554,1.157722457097127,1.0566462736863356,0.5875827773259237,0.40709750239665693,1.6752076148986816
330,8580,1.1348968767202818,1.1332505712142358,0.6047651481169921,0.4051191703631328,1.6966538429260254
331,8606,1.1537226897019606,1.1630793167994573,0.5991126528153052,0.391720779813253,1.6884138584136963
332,8632,1.1600509240077093,1.13387937270678,0.6023155382046332,0.4012177661061287,1.6610286235809326
333,8658,1.1610500950079699,1.197973709840041,0.6031279930701623,0.390413886652543,1.661841630935669
334,8684,1.1480016249876757,1.2037062897131994,0.6134352156749139,0.40305028626552,1.669666051864624
335,8710,1.1412228643894196,1.1149382969507804,0.603391476548635,0.39268126166783845,1.6637420654296875
336,8736,1.1589370026038244,1.2368726627184794,0.6046010370437915,0.3855788048643332,1.6685888767242432
337,8762,1.1436882385840783,1.2663384011158576,0.6097603474672024,0.3974950456848511,1.676438570022583
338,8788,1.2216397065382738,1.251834171322676,0.5982623111743194,0.3940284326672554,1.6599400043487549
339,8814,1.0688706177931566,1.2787183156380286,0.629344716668129,0.3711318072791283,1.6489150524139404
340,8840,0.9112707568475833,1.573927634037458,0.683810524069346,0.3323010905430867,1.6410257816314697
341,8866,0.06794934017727008,4.336801877388587,0.9677301186781663,0.027108759476015203,1.6551764011383057
342,8892,0.03987114450249534,5.346218879406269,0.9832468651808225,0.019098281748413753,1.6447255611419678
343,8918,0.011747037723230628,5.276273158880381,0.9956585787809812,0.007331030658231332,1.6425883769989014
344,8944,0.007055094447703316,5.720303278702956,0.997234046459198,0.004265225089441698,1.6574153900146484
345,8970,0.00845144846691535,5.495253507907574,0.9975768258938422,0.005990043157138503,1.6748661994934082
346,8996,0.014429775102493854,4.950428815988394,0.9960518593971546,0.010357242023858886,1.6588711738586426
347,9022,0.012193424752555214,5.576902884703416,0.9953663028203524,0.007466678597176304,1.6573436260223389
348,9048,0.015160633770462412,6.100362392572256,0.9945108225712409,0.009431059536067411,1.6541728973388672
349,9074,0.42932245694100857,5.154228911950038,0.8708209452720789,0.11021262071657335,1.6481108665466309
350,9100,0.4335697511067757,3.6767964844520273,0.8534156806193866,0.13582496338886602,1.6540980339050293
351,9126,0.6722831112117722,3.083785821755345,0.8109843524602743,0.2250660304383088,1.638247013092041
352,9152,0.9978370936587453,3.496025413274765,0.7695596137872109,0.20350649704834303,1.6697843074798584
353,9178,0.9277682098058554,2.2430509420541616,0.7162635945356809,0.3021177559231336,1.6481716632843018
354,9204,0.6982926015670483,2.3709178200134864,0.750172618489999,0.23286693335439151,1.6934690475463867
355,9230,0.39000492442685825,3.576534485587707,0.8781223618067228,0.13954872423066542,1.7027549743652344
356,9256,0.6126709832594945,2.923069431231572,0.8100288338386096,0.19747107058691865,1.6685121059417725
357,9282,0.9415360322365394,2.420363337947772,0.7145839592871758,0.2574649841900772,1.6834285259246826
358,9308,0.14131993657121292,3.7759023629702053,0.9447130171152262,0.0687443116823068,1.669238567352295
359,9334,0.16766638217422253,4.817153435487014,0.944454564498021,0.06491579413145351,1.654726505279541
360,9360,1.0800713828335016,3.1197954823191347,0.7309538357837412,0.23889047155031362,1.6592435836791992
361,9386,1.1108000828669622,1.2280086806187263,0.614712655544281,0.37720214288968307,1.6573505401611328
362,9412,1.157386873777096,1.2971631254141147,0.6228074568968552,0.38348778509176695,1.652822494506836
363,9438,1.0329055327635546,1.2631524778329408,0.6242999663719764,0.35670787726457304,1.6548097133636475
364,9464,0.9550676873097053,1.396694309436358,0.6451001098522773,0.3499620786079994,1.660231590270996
365,9490,1.0925549841844118,1.3367679577607374,0.6267646929392447,0.3757208247597401,1.6511006355285645
366,9516,1.0394313243719249,1.2708389163017273,0.6259168512546099,0.3660187010581677,1.6537632942199707
367,9542,1.0898503684080565,1.2170440955803945,0.615299370426398,0.37622184134446657,1.6466407775878906
368,9568,1.0469712844261756,1.2884632738736959,0.6257300044481571,0.37287147572407353,1.661087989807129
369,9594,1.1054019194382887,1.2519434094429016,0.6202909052371979,0.3773320179719191,1.652925968170166
370,9620,1.0900248357882867,1.1900200522862947,0.622142324080834,0.38468405747642886,1.6517291069030762
371,9646,1.1370938603694623,1.2452890850030458,0.6159856674762872,0.3850620939181401,1.6743879318237305
372,9672,1.1163794581706707,1.2315704375505447,0.6111547488432664,0.37797302179611647,1.6693427562713623
373,9698,1.1698616215815911,1.299908770964696,0.6154643423282183,0.3948027967260434,1.6575298309326172
374,9724,1.094136772247461,1.2081572803167195,0.6098825461589373,0.37729521496937823,1.6499965190887451
375,9750,1.0167144238948822,1.2527406536615813,0.6346968905283854,0.36694498933278596,1.656177043914795
376,9776,1.0550621839670034,1.2305652017776783,0.6311179410952789,0.37000971688674045,1.6432621479034424
377,9802,1.1815360967929547,1.3417871800752788,0.6112647858949808,0.38448760744470817,1.6834487915039062
378,9828,1.140053588610429,1.3056737929582596,0.6156946913554118,0.3880115415041263,1.658592700958252
379,9854,1.1463887485174031,1.2321698573919444,0.6137308948315107,0.39127790755950487,1.682490348815918
380,9880,1.1001796951660743,1.280327137846213,0.6195325817053134,0.37625127428999317,1.7089567184448242
381,9906,1.104532051544923,1.354310372701058,0.6299002445661105,0.3699501305818558,1.6859359741210938
382,9932,1.167095654285871,1.4206687418314128,0.6212821287604479,0.3789730785557857,1.653944492340088
383,9958,1.2842132821679115,1.5224816152969232,0.6413921415805817,0.3609170571256142,1.6599557399749756
384,9984,0.8447424445587856,1.7074034947615404,0.7078141157443707,0.2932261053759318,1.6591579914093018
385,10010,0.0672722695968472,4.247636813383836,0.9750332694787246,0.03743790557536368,1.6641182899475098
386,10036,0.014907728020961467,4.976699939140906,0.9947896095422598,0.009590304528291408,1.6666927337646484
387,10062,0.013443363973727593,5.080495797670805,0.9953632836158459,0.0087218948532469,1.6643664836883545
388,10088,0.040503671912189856,4.6422971945542555,0.9870237089120425,0.025285651531213753,1.6609513759613037
389,10114,0.3285567401908338,4.717454734903115,0.8979647107995473,0.08272186470164272,1.652125358581543
390,10140,0.7714666861754197,2.363807742412274,0.7493113061556449,0.25473323106192625,1.6584763526916504
391,10166,0.9049346813788781,1.876692758156703,0.6821347486514312,0.3020565698926265,1.661586046218872
392,10192,0.7494825010116284,1.7250487552239344,0.7228285326407506,0.2769129164516926,1.661613941192627
393,10218,1.032835025053758,1.6245275942178874,0.6555892527103424,0.336867871765907,1.670522928237915
394,10244,0.9857007012917445,1.4107363040630634,0.6499705142699755,0.34075088741687626,1.6683075428009033
395,10270,1.0005274667189672,1.4194703491834493,0.6527990962450321,0.3572660294862894,1.6693875789642334
396,10296,1.0080457467299242,1.356229834831678,0.6387916952371597,0.3442816401903446,1.6692767143249512
397,10322,1.0622388605888073,1.4018477339010973,0.6476215078280523,0.3763316629024652,1.6633751392364502
398,10348,1.1920156135008886,1.2189938036295085,0.6103764892770693,0.37756941524835735,1.6559574604034424
399,10374,1.0420699899013226,1.2834853208982027,0.6411588719257941,0.365214629815175,1.6790924072265625
400,10400,1.069960275521645,1.2377644112476935,0.6216487632347987,0.3620302854822232,1.6704761981964111
401,10426,1.0338503099404848,1.2774492330276048,0.6377171690647419,0.36128871658673656,1.6421313285827637
402,10452,1.1260035427717061,1.3809146330906794,0.6305051147937775,0.3801795304394685,1.666060209274292
403,10478,1.022340790583537,1.2461294073324938,0.6356911372679931,0.3656766638159752,1.6505651473999023
404,10504,1.1021719231055334,1.342590412268272,0.6188819775214562,0.3745681388446918,1.6858229637145996
405,10530,1.1695723373156328,1.2953891800000117,0.6224139126447531,0.3948590594988603,1.6880254745483398
406,10556,1.160787582397461,1.3669151549155896,0.62589375101603,0.37133964838889927,1.6562235355377197
407,10582,1.0659492818208842,1.2643463428203876,0.6263655171944544,0.3687785795101753,1.6376092433929443
408,10608,1.0656967644508069,1.3260030631835644,0.6232325663933387,0.3685874460408321,1.654362440109253
409,10634,1.0718406301278334,1.3179157043878849,0.6295118778944016,0.3748055753799585,1.651937484741211
410,10660,1.0143002661374898,1.2959878169573271,0.6365423202514648,0.35599837796046185,1.6646296977996826
411,10686,1.012010319874837,1.3488805064788232,0.6526671441701742,0.352530366812761,1.6522386074066162
412,10712,0.6523508766236213,2.6354462126126657,0.7999634811511407,0.2045041463122918,1.6629788875579834
413,10738,1.0781585390751178,1.8313833119777532,0.6558761619604551,0.32922530085600626,1.659637212753296
414,10764,1.2044807855899518,1.3050765945361211,0.6088768622049918,0.4082203501692185,1.654057264328003
415,10790,1.1723521810311537,1.2773741369064038,0.6013355031609535,0.3796206706991562,1.656693696975708
416,10816,1.1550818452468286,1.2228110822347493,0.6057711576039975,0.3982670886012224,1.6497423648834229
417,10842,1.0643427486603076,1.1992754982067988,0.6284603132651403,0.3802325066465598,1.6585781574249268
418,10868,1.0493157162116125,1.2212236684102278,0.6296081691980362,0.36629938792723876,1.6416959762573242
419,10894,1.1821451118359199,1.1522018680205712,0.6089521612112339,0.383557779284624,1.6491496562957764
420,10920,1.1858007380595574,1.280952120056519,0.6104101263559781,0.3940623906942514,1.6573455333709717
421,10946,1.0780770366008465,1.202429494032493,0.6259673340962484,0.37079858206785643,1.648770809173584
422,10972,1.003767586671389,1.2621886913593,0.6350437494424673,0.35846595752697724,1.6443965435028076
423,10998,1.0355618641926692,1.334208525144137,0.6416239807238946,0.370052338219606,1.6499767303466797
424,11024,0.991905363706442,1.3945730924606323,0.6562587997088065,0.35514272634799665,1.6701416969299316
425,11050,1.2184869197125618,1.9276575532097082,0.6564070249621111,0.32777498606502864,1.6653697490692139
426,11076,1.1425103636888356,1.406208383349272,0.6247828763264877,0.3721835140425425,1.648566722869873
427,11102,0.7326229366545494,2.7879946736189036,0.8041018057041444,0.21037162681862426,1.6642570495605469
428,11128,0.8401942167860957,2.5047174657766638,0.7562791617014087,0.227309038311852,1.648010492324829
429,11154,1.1414257540152624,1.4442136998359973,0.6187324930842106,0.38730209836593044,1.6763122081756592
430,11180,1.0480850957907164,1.2749017156087434,0.6291035092793978,0.3647778550019631,1.6735260486602783
431,11206,1.081824561724296,1.3512865900993347,0.6305442601442337,0.38087857457307667,1.6497883796691895
432,11232,0.8576909843832254,1.7852743588961089,0.6910175406015836,0.31595086225738317,1.6398255825042725
433,11258,0.46261757139403087,3.5770477744249196,0.8304292124051315,0.15524622951768555,1.6635937690734863
434,11284,0.8101460308266374,2.8763741724766216,0.7799105535332973,0.24385124718089804,1.6362569332122803
435,11310,0.5765030482568994,4.639761870153821,0.8571177806991798,0.13229147495943694,1.6495914459228516
436,11336,1.188693140561764,1.363566779746459,0.6023602187633514,0.3906577986020308,1.6591382026672363
437,11362,1.1636342520897205,1.2419737875461578,0.6162552375059861,0.39319464793572056,1.658202886581421
438,11388,1.027051038466967,1.2710879880648394,0.6343152626202657,0.37314984087760633,1.6493334770202637
439,11414,1.039039664543592,1.2302442227418606,0.63320626776952,0.363721109353579,1.6591923236846924
440,11440,0.38501041726424146,3.707066467175117,0.8717782061833602,0.1405741999221321,1.6543757915496826
441,11466,1.2851071320474148,1.7185590771528392,0.645668478969198,0.3505562424274663,1.6347146034240723
442,11492,1.235776694921347,1.2766284071482146,0.5945942682715563,0.39441651850938797,1.654221534729004
443,11518,1.2803287574878106,1.2737636875647764,0.5915992867488128,0.4218269999210651,1.6425049304962158
444,11544,1.299850147504073,1.147490387925735,0.5693050221754954,0.4252206018337837,1.6508889198303223
445,11570,1.0835407215815325,1.1293056217523723,0.6082697762892797,0.3858387114909979,1.6629540920257568
446,11596,1.200417669919821,1.142741954097381,0.5973726568313745,0.40884217677208096,1.654411792755127
447,11622,1.121300770686223,1.1681213963490267,0.6056628639881427,0.3852957166158236,1.6515390872955322
448,11648,1.1105118600221782,1.1353733195708349,0.6129365047583213,0.39420220943597645,1.6534950733184814
449,11674,1.0673800569314222,1.2288208237061133,0.6161155712146026,0.3778495845886377,1.640282392501831
450,11700,1.0443478639309223,1.1671338241833906,0.626122466646708,0.3699764787004544,1.640190839767456
451,11726,1.0645590883034926,1.1346605809835286,0.6268251423652356,0.38029672778569734,1.6428468227386475
452,11752,0.43544802753827894,3.2798815553004923,0.851250199171213,0.16664391668298498,1.6858036518096924
453,11778,0.08473446746714987,5.787750913546636,0.9664285526825831,0.038961797172445446,1.643197774887085
454,11804,0.03603133681015326,6.010753769140977,0.9862945354901828,0.020143992339189235,1.6710290908813477
455,11830,0.10822627367451787,6.594978470068711,0.9474184650641221,0.020456384983845055,1.7010822296142578
456,11856,1.010791240976407,2.3673561364412308,0.7472004264306563,0.2755644447617949,1.6755871772766113
457,11882,0.9154142800431985,1.7928128082018633,0.6994808327693206,0.29041423462331295,1.6832239627838135
458,11908,0.2901843193058784,4.062907808102095,0.9071386628426038,0.11620296375566305,1.6737151145935059
459,11934,0.04853228606785146,5.383688963376558,0.9820593572579898,0.026194589355817206,1.6602373123168945
460,11960,0.06105018679339152,5.352705616217393,0.9705466123727652,0.026266447382602982,1.6533207893371582
461,11986,0.03801837885895601,5.882388124099145,0.9868750090782459,0.02166884123289492,1.6362650394439697
462,12012,0.021269529502695568,6.184893699792715,0.9906754012291248,0.01111772846119353,1.660240650177002
463,12038,0.020314937439532235,7.28796688409952,0.9892121392946976,0.008621509496991236,1.6561987400054932
464,12064,0.004837824354091516,6.917832833070022,0.9965971822922046,0.0014159934104939636,1.6545469760894775
465,12090,0.005476200093443577,6.041691284913283,0.9979681808214921,0.0034259043033951176,1.6454041004180908
466,12116,0.00551735541711633,6.0593435030717115,0.9977676914288447,0.003259285012833201,1.6500658988952637
467,12142,0.00428191524070616,6.269328869306124,0.9988098465479337,0.0030794771603093697,1.649986743927002
468,12168,0.003960235904042537,6.2569487278278055,0.998716645515882,0.0026675207594123026,1.6636302471160889
469,12194,0.0034529201220721006,6.420757880577674,0.9988325513326205,0.002278878801287367,1.6530730724334717
470,12220,0.0033170986123597966,6.287529761974628,0.9988665007627927,0.0021753395961311003,1.6634786128997803
471,12246,0.006765907370628646,5.961093792548547,0.9985208075780135,0.005229451765234654,1.6466779708862305
472,12272,0.00737162966442366,6.656945246916551,0.9974903854039999,0.004527095363860449,1.655289649963379
473,12298,0.013700981190105757,6.936483309819148,0.9950643319350022,0.008230869346544541,1.6511917114257812
474,12324,0.8988198159405818,3.2056030871060033,0.7706513278759443,0.19969504244195727,1.670013666152954
475,12350,0.7151626165096576,2.2365839641827803,0.7363960960736642,0.25938773785646146,1.6591455936431885
476,12376,0.5569647550582886,2.6519471200612874,0.7925523083943588,0.20057637423563462,1.6286451816558838
477,12402,0.6194596393750265,2.8317012053269606,0.791818958062392,0.20828527495121726,1.6802349090576172
478,12428,0.6980058659727757,2.5250951647758484,0.7598843677685811,0.22941344904784972,1.6363260746002197
479,12454,0.8108293001468365,2.3389502683511147,0.734479165994204,0.2612989390125641,1.6680197715759277
480,12480,0.6735361424776224,2.0474513264802785,0.7421026069384354,0.24530474383097428,1.6901602745056152
481,12506,0.7417232245206833,2.103437515405508,0.7410452526349288,0.26012035015110785,1.6743252277374268
482,12532,0.18013188242912292,4.081113173411443,0.9395627608666053,0.08457520648013227,1.6866474151611328
483,12558,1.307512281032709,1.956523136450694,0.6379604949974097,0.334810678444158,1.6807010173797607
484,12584,1.1630864922816937,1.5005891575263097,0.6355102377442213,0.3608323149383068,1.6665525436401367
485,12610,0.9621435174575219,1.4486689154918377,0.6539572511727993,0.3423532923826805,1.6548638343811035
486,12636,1.0058453679084778,1.5331963140230913,0.654067358145347,0.3463698854813209,1.6629397869110107
487,12662,0.9613215006314791,1.355226000914207,0.6539736103553039,0.3373233455304916,1.6382570266723633
488,12688,1.00467194043673,1.3933332883394682,0.6540298163890839,0.34415487056741345,1.6553893089294434
489,12714,0.8976077162302457,1.3783427660281842,0.66706044284197,0.3307347022570096,1.648937463760376
490,12740,1.0287899306187263,1.3914153896845305,0.6565881497584857,0.3558033320766229,1.6511709690093994
491,12766,1.1408674052128425,1.3971203961051428,0.6346132124845798,0.35640591812821537,1.6517324447631836
492,12792,1.017701389697882,1.4241897773284178,0.6504004654976038,0.3579285448560348,1.6448101997375488
493,12818,0.9859673518400925,1.2597566499159887,0.6428796924077548,0.3468688322374454,1.6546943187713623
494,12844,1.007099082836738,1.4234070227696345,0.6460329053493646,0.35560912982775617,1.6601269245147705
495,12870,1.1934447357287774,1.4665349630209117,0.6315574061412078,0.38313405530957073,1.6718902587890625
496,12896,0.7011211370476164,2.3984976284779034,0.7789307196552937,0.23071126066721404,1.6510889530181885
497,12922,0.02547055371822073,4.711521313740657,0.9878224203219781,0.012668596849275323,1.660996437072754
498,12948,0.014638683328834863,5.139005807729868,0.994488177391199,0.008967841796290416,1.6721677780151367
499,12974,0.011185979076589529,5.342272391686072,0.9966770869034988,0.007785062359359402,1.6585171222686768
500,13000,0.015299669610193143,5.216155565701998,0.9947666181967809,0.0096742997232538,1.6543543338775635
