epoch,iters,loss_d,loss_g,d_real,d_fake,logit_real,logit_fake,seconds
1,53,1.1168093602612335,0.6035645816404864,0.6855758709727593,0.4005136633256696,0.9842647370302452,-0.4716411315888729,8.493281364440918
2,106,1.3435735758745446,0.5480898211727727,0.6001120974432748,0.3773244757134959,0.6649046426392952,-0.5591925216733284,4.079082012176514
3,159,1.5596218131623178,0.4320734075780185,0.551761304994799,0.412740632610501,0.32535592902381466,-0.37090555458979785,4.081341505050659
4,212,1.61853840441074,0.42133640209740064,0.5562326104011176,0.44151344445516477,0.29526203608948665,-0.2464888011158075,4.108929395675659
5,265,1.5895008411047593,0.4601403450206766,0.556481623986982,0.43881600729699405,0.2759840381946766,-0.26392538465981213,4.1175994873046875
6,318,1.5919750411555451,0.47404777371096163,0.5493655609634688,0.4280277544035102,0.2534207562511822,-0.31189593792242826,4.1097023487091064
7,371,1.6370207318719827,0.34753773326300225,0.5731100743671633,0.4664279003188295,0.3445296871985467,-0.1448887824168745,4.09481143951416
8,424,1.6272294341393236,0.2810773608749205,0.5506246056196824,0.4406068386896601,0.25381396239939724,-0.2528383294647595,4.0927839279174805
9,477,1.6680581749610182,0.3680698250613685,0.5448952491553325,0.44713635067894775,0.23816062777109867,-0.22842879537141547,4.1107916831970215
10,530,1.65622711631487,0.33106145076453686,0.5454252446597477,0.4431857163051389,0.21783897245548806,-0.25291776425152457,4.177177429199219
11,583,1.6735120157025896,0.2709209593540093,0.5592893952468656,0.46471329061490185,0.27699300882248384,-0.15555120217350293,4.896524906158447
12,636,1.6613987144434228,0.2877059142931171,0.547066072810371,0.44759899715207657,0.21840228094666633,-0.23039307874047532,4.205962181091309
13,689,1.62120646800635,0.2186287584240144,0.5444607071156772,0.43895637314274627,0.20196712357958532,-0.2680438389333914,4.18655252456665
14,742,1.6783940634637509,0.2466274046532388,0.5505773160817489,0.4526053217222106,0.23652657887564515,-0.21132298052873252,4.191193342208862
15,795,1.6403074264526367,0.22491282857251618,0.5432660950804656,0.4424429850758247,0.19704745147588118,-0.2546211374958731,4.179107189178467
16,848,1.6435743705281671,0.28474621552060236,0.5497200691475058,0.44909681689064457,0.22939238113895902,-0.22383729723405163,4.167358160018921
17,901,1.6077435106601354,0.345102496164025,0.563728688460476,0.4567492092555424,0.2884949120991635,-0.18746448206311128,4.153599977493286
18,954,1.6460521671007264,0.301891843252376,0.5694901234698746,0.46516192859073857,0.3219553123070103,-0.14887149261205262,4.242069482803345
19,1007,1.6563629654218566,0.26147769277317906,0.5456994254634066,0.45091971614450777,0.20736281359392517,-0.2131374003541357,4.1900904178619385
20,1060,1.7046501546535853,0.19054801208582126,0.5488258026680857,0.4588788314810339,0.22794052867113418,-0.17753415161146308,4.1364593505859375
21,1113,1.7061843849577993,0.25682285231239393,0.5338806358148467,0.4491068973856152,0.16086555235439315,-0.2196978172463066,4.189799070358276
22,1166,1.6764488894984406,0.22103462538699498,0.5329512250873277,0.4415001391239886,0.14959387962688814,-0.2584168686057037,4.2172465324401855
23,1219,1.7015189427249837,0.20088819196482874,0.5392890774978781,0.4556605045525533,0.18166813015375496,-0.19221471267629345,4.184219598770142
24,1272,1.7067739423715844,0.25247675335069875,0.5281209287778387,0.44687287537556775,0.12943383517130366,-0.22918372242799345,4.155488729476929
25,1325,1.743386336092679,0.3103794429872958,0.5423407228487842,0.4656383620118195,0.18760378609569567,-0.1535593370537994,4.218892335891724
26,1378,1.7154881909208477,0.3002144325137982,0.536464457241994,0.45639304001376313,0.16613643781615878,-0.18780081033847243,4.202613115310669
27,1431,1.7190324135546415,0.20580544874493806,0.5102191646144075,0.4327761454964584,0.04747776964784793,-0.29189452465693905,4.147559404373169
28,1484,1.7196247982528974,0.20701504723643357,0.5139761741431255,0.43579618998293607,0.06710479229266914,-0.2797839127410695,4.1714372634887695
29,1537,1.7517994732226965,0.22482968877368378,0.5363655933793986,0.46619245072580734,0.16987337737853797,-0.13844024802927138,4.178889989852905
30,1590,1.7438177994962007,0.2982847199968572,0.5363567533358088,0.46487916303130816,0.1686590587860852,-0.14795872221156112,4.17069149017334
31,1643,1.7606807339866206,0.19109395002278518,0.5225454433909003,0.4573507938744887,0.10020113968343106,-0.18481558389118258,4.146119594573975
32,1696,1.7595886599342778,0.2946406867495685,0.5458620949736182,0.47959216923083897,0.20398880281257178,-0.0840153515092888,4.232772350311279
33,1749,1.7490504012917572,0.23542222932402818,0.5361426624487031,0.4653532111419822,0.16449545021608192,-0.14684755425408202,4.226769924163818
34,1802,1.7652106465033766,0.15574213152505317,0.5220679905054704,0.45712104327273817,0.09810788936491283,-0.18481423389518037,4.183601379394531
35,1855,1.7355244024744574,0.3071733764812069,0.5320575254143409,0.46066544472046617,0.14624598824401508,-0.16635095391352223,4.166866064071655
36,1908,1.7545785656515158,0.16314074945337367,0.5413569060136687,0.4730997012471253,0.18467489210010138,-0.1149998055595272,4.193101406097412
37,1961,1.7520475882404256,0.18027870834998364,0.5314872360454416,0.4598758507449672,0.14055587941745543,-0.17305897597996694,4.190004587173462
38,2014,1.7620497109755031,0.13439542968880455,0.5493866255823171,0.4804690137224377,0.22202702544910727,-0.07854108403454411,4.191284418106079
39,2067,1.752733419526298,0.18505020938673108,0.5337341096041337,0.4660707953965889,0.15114985151602975,-0.14271781083969576,4.199301242828369
40,2120,1.750127835093804,0.26589174312978703,0.5434136452539912,0.47541375936202285,0.1942118841381568,-0.10420452673339618,4.172628879547119
41,2173,1.7518499167460315,0.14829378680519337,0.5239601703184955,0.45465931240117774,0.10782801590086717,-0.1968798826817634,4.1701133251190186
42,2226,1.7604997472943,0.16840327249945336,0.5307734203788469,0.46645094032557505,0.1330785583001825,-0.14790225057107098,4.183309316635132
43,2279,1.7484420110594552,0.20423853660951247,0.5372850478820081,0.4687849423795376,0.16494351551639583,-0.13654436789593608,4.1784443855285645
44,2332,1.7553245526439738,0.1723170868068371,0.5264743487789946,0.46188952338020756,0.1154404416820913,-0.16521387512110314,4.186297178268433
45,2385,1.7546145151246269,0.1860317554816885,0.5182786898792915,0.4518497771811935,0.08343605015356585,-0.20757683988590286,4.174769401550293
46,2438,1.7798221763574853,0.15067527193646385,0.5404513787548497,0.4776253244786892,0.17832252920939112,-0.09876727521911545,4.166648864746094
47,2491,1.7600558411400273,0.07374153722007319,0.524562953215725,0.4609173721862289,0.10661867874200051,-0.17054233995248685,4.16666054725647
48,2544,1.7528662816533502,0.12532101550473357,0.511021689423975,0.4424675517487076,0.0530964325199712,-0.2502774041286617,4.15468168258667
49,2597,1.764032336900819,0.22658712775358614,0.5318870825587578,0.46729762824076526,0.14246557083613468,-0.14034993180407668,4.189053297042847
50,2650,1.773534822014143,0.14115180553130383,0.5370649335519323,0.47377844745258113,0.16459495697240784,-0.1125403421245656,4.199693202972412
51,2703,1.7730007284092453,0.0840873306371131,0.5177442757588513,0.45549979524792367,0.07966898975647846,-0.19211478216819605,4.18893575668335
52,2756,1.758540558365156,0.2185826600300816,0.5302932914697899,0.4648463984705367,0.13249806367423175,-0.1542201540520731,4.173589706420898
53,2809,1.7788590845072045,0.1482313251790573,0.5197625553832864,0.46084185928668614,0.08755231711943194,-0.16824637931543138,4.1746087074279785
54,2862,1.7788696783893514,0.21398400460844333,0.5405458987883802,0.48075700424752144,0.17761549204236493,-0.08122150253785669,4.1586058139801025
55,2915,1.7801412523917433,0.17031288161030356,0.5358387692919317,0.4762197193109764,0.15755389750284968,-0.10316789398004986,4.16496729850769
56,2968,1.7678876935311083,0.2177711733669605,0.536651499428839,0.47393584476326994,0.16164302217932242,-0.11092249500863957,4.200171947479248
57,3021,1.7881528454006843,0.1595149409939658,0.5370981850714054,0.4787497048108083,0.16267405545233554,-0.09144500479594155,4.151546239852905
58,3074,1.769515629084605,0.13533945195376873,0.5134798687583996,0.4496252733581471,0.06144046098134428,-0.21797207358099943,4.196118116378784
59,3127,1.8009698863299388,0.07777475642989266,0.5158085047074084,0.4594889373149512,0.06652218957414043,-0.1812795379532958,4.1859130859375
60,3180,1.7795409818865218,0.13958791193534742,0.531533050087263,0.47164965519365276,0.13563573624024977,-0.126994631411332,4.1761369705200195
61,3233,1.7769451501234523,0.15210495270648092,0.534474363866842,0.4734277146042518,0.14970255850480413,-0.11635931742922315,4.189257860183716
62,3286,1.7868702614082481,0.09211463435500297,0.5386231024310274,0.47867367458793353,0.17229805215490315,-0.09293839739600443,4.191128969192505
63,3339,1.8006922951284445,0.07651960152148637,0.5356496389744416,0.47737153071277544,0.149113089461231,-0.10829428228426655,4.177966117858887
64,3392,1.8035086415848642,0.013618044695764218,0.5130742602753189,0.4565645827437347,0.05336030080633344,-0.19661692247884172,4.141899108886719
65,3445,1.8044488250084643,0.09044372374719044,0.535616786974781,0.48085693986910694,0.1544491478224408,-0.08664541463104058,4.199963092803955
66,3498,1.772776185341601,0.1285220541516846,0.5283762250306472,0.4664110468243653,0.12366150365263787,-0.1474413015651253,4.216589450836182
67,3551,1.7896626400497724,0.15452646351647828,0.5401122139872245,0.4804142176542642,0.17141078356302009,-0.0914800110677222,4.151072978973389
68,3604,1.783155211862528,0.044102868399108354,0.5147472299494833,0.45474679599393086,0.06142706269363187,-0.20066081982035683,4.184013366699219
69,3657,1.789311611427451,0.061105888020598666,0.5260944866909171,0.4667382386495482,0.10930885026617995,-0.15423101460877456,4.238462448120117
70,3710,1.7967845673831004,0.03617244588105746,0.5197451300216172,0.4626135741764644,0.08280317331576403,-0.16922905949770278,4.25510573387146
71,3763,1.7900223214671296,0.14318652653117786,0.5271829422914757,0.47066294078556997,0.11715179931302115,-0.12876542840363844,4.178051710128784
72,3816,1.7871443393095485,0.07022153747812757,0.5475751065982962,0.48995161787518915,0.20447000660845693,-0.04824847107718013,4.203908443450928
73,3869,1.7638229941422086,0.12370625619758975,0.5429081298270315,0.4785261038901671,0.18209879671416754,-0.10174910899884296,4.223790168762207
74,3922,1.770959660692035,0.11441443192790139,0.5367900678571665,0.47480852199050616,0.158517845308865,-0.11202960707387834,4.1759748458862305
75,3975,1.7934673124889158,0.05535769620734566,0.5276006336482066,0.4719655063917052,0.1179615185894775,-0.12377245439532793,4.172614574432373
76,4028,1.7909712476550408,0.015892743712888575,0.5181134298162641,0.45949374617270705,0.0767478652228162,-0.18133545106382304,4.186030626296997
77,4081,1.797070712413428,0.05813893672289713,0.5077713980989637,0.45042181464861025,0.033376084710910636,-0.2190293419297855,4.208075046539307
78,4134,1.7898315303730514,0.019655346483835635,0.524731512901918,0.466374120060003,0.10570841308964311,-0.15183610289867194,4.185426712036133
79,4187,1.7768984155834846,0.05410785604057447,0.5121440904320411,0.44996136989233626,0.05016689499804996,-0.22388364610104067,4.1645002365112305
80,4240,1.8083511321049817,0.09735840341111399,0.5403329297056738,0.4850888167912105,0.1796648945343101,-0.06516453904925652,4.216391324996948
81,4293,1.7740878653976153,0.13049179832187463,0.5494822679825548,0.4888616091800186,0.21294836485582702,-0.05278635945803714,4.169627904891968
82,4346,1.7995128091776147,0.030520503918798465,0.5301781797184134,0.47199732402585587,0.12689262422961448,-0.1338201050629031,4.173917055130005
83,4399,1.7646910491979346,0.1224839042801902,0.5374394604619944,0.47436493522716017,0.16036360591368856,-0.11580735655888072,4.206336975097656
84,4452,1.79528557129626,0.11448890065668889,0.527572364739652,0.470783475997313,0.12166203431925683,-0.12967047044339608,4.226956605911255
85,4505,1.790467766096007,0.09960522715283453,0.5340621477028109,0.47499240738041,0.1493942416888082,-0.11149026467552725,4.173802375793457
86,4558,1.782597951169284,0.10080889169618769,0.5234143019847151,0.46465361793086213,0.10003820597633438,-0.1577283174396967,4.142801523208618
87,4611,1.780737485525743,0.10637410468298872,0.5355247843940303,0.47387982089564484,0.15225387287308584,-0.12091100581412045,4.197634935379028
88,4664,1.7762247234020594,0.0884218000508142,0.5342348926472213,0.47382727209127173,0.1462104894783137,-0.11903149248012956,4.17979621887207
89,4717,1.7961014126831631,0.16524560078275655,0.5536001841976957,0.49731223200852015,0.232495028824317,-0.013633534628546462,4.188953638076782
90,4770,1.7924168964601912,0.1253742855745104,0.5674701051891975,0.5101671820541598,0.2900622096264137,0.03919742787081116,4.2069478034973145
91,4823,1.8158672688142308,0.08075259768245917,0.5304690970564788,0.47809003209168055,0.13130915600736187,-0.1055856905701869,4.1854331493377686
92,4876,1.8014104298825533,0.1719381367822863,0.577168622669184,0.5217284835734457,0.33439118664641426,0.0905431458410227,4.191241502761841
93,4929,1.7993950888795673,0.06299052770548272,0.5309055183293685,0.47424978411422586,0.1362300820051218,-0.11334249893871118,4.161216497421265
94,4982,1.788596234231625,0.06216652083368796,0.5287343347972294,0.47026478007154643,0.11953466364516402,-0.13868358067043549,4.147538185119629
95,5035,1.8030649401106924,0.03442858746451027,0.536003866285648,0.4801149899667164,0.15225791736101768,-0.09805893015889626,4.147546291351318
96,5088,1.797449384095534,0.07050821287030319,0.5514261750680096,0.4963335541059386,0.22278114503144092,-0.020601189923736284,4.1258158683776855
97,5141,1.787283328344237,0.1274764637620944,0.5509405934585715,0.4922372243314419,0.22203381844567802,-0.035500021335088984,4.148764371871948
98,5194,1.7795925747673467,0.0003539612868203307,0.527627446741428,0.46770190349165,0.11664267880666368,-0.14706391851716447,4.136394262313843
99,5247,1.796237459722555,0.11574949160710259,0.5487473539586337,0.49248222866148317,0.20846295428796197,-0.039071501092106664,4.1517298221588135
100,5300,1.8197538920168608,0.08939741172318189,0.5255135033490523,0.47226625962077445,0.10792837341157895,-0.13273705549116405,4.154294490814209
101,5353,1.785410096060555,0.1617900552052372,0.5427845182283869,0.4835164462620357,0.18865298356790589,-0.07348776461099679,4.149662971496582
102,5406,1.801722063208526,0.006997646799065032,0.5489839956445514,0.495081013103701,0.21012984875167878,-0.02452814371658946,4.122467041015625
103,5459,1.8207168938978664,0.0383417914480955,0.5396489956468906,0.4867078335780018,0.17256747270530126,-0.06393491029563658,4.151390314102173
104,5512,1.7799644560184118,0.08863883491886675,0.5324000671224774,0.4719592546516994,0.14102075403591371,-0.12466884168954391,4.127014398574829
105,5565,1.796984150724591,0.0497615017207726,0.5308568095261196,0.47271196825324363,0.12874540171744125,-0.12985250055087064,4.144088506698608
106,5618,1.7721909284591675,0.14108965521291741,0.5517889666107466,0.49040434664150456,0.22456419228945138,-0.044105734676122665,4.164870262145996
107,5671,1.7999377520579212,0.02471404898700849,0.5305547747971877,0.4754666123750075,0.12953545697876867,-0.11567225307226181,4.147901773452759
108,5724,1.800618922935342,0.033600364934723334,0.5165405627691521,0.46017915685221833,0.06885622986504492,-0.18250554852749942,4.143575429916382
109,5777,1.7803140563784905,0.05928226827450518,0.5274722643618314,0.4677684621990852,0.11737484439223442,-0.14430873663568833,4.14704704284668
110,5830,1.806011661043707,0.08423252607572754,0.5291952367098827,0.47672445706601413,0.1251717727842196,-0.1034810806993606,4.151134729385376
111,5883,1.7662847514422435,0.13993492599506424,0.5556559753867815,0.4908972613091739,0.2424941288553319,-0.04346655463834979,4.477245330810547
112,5936,1.7920017354893234,-0.015673767072412203,0.5356812721715783,0.4762153006949515,0.14834185355817373,-0.1155415730515741,4.134586572647095
113,5989,1.788177121360347,0.02991238995543066,0.5279556377878729,0.4692761223271208,0.11567930014417419,-0.145766439970653,4.148726463317871
114,6042,1.7882465439022712,0.09125080724896968,0.529005508377867,0.471410241891753,0.12549096981133773,-0.12925877843825323,4.1497368812561035
115,6095,1.787792720884647,0.08184580418790849,0.5237644792727705,0.46515561218531626,0.0999336940289106,-0.159576771569983,4.089676141738892
116,6148,1.7862304314127508,0.057701736969767874,0.5421670135462059,0.4849385737248187,0.18126703897174798,-0.06921274789591443,4.144463062286377
117,6201,1.7757220448188062,0.08725510186181878,0.5245112866725562,0.46459761936709565,0.10367233221823315,-0.15813583631138756,4.165597677230835
118,6254,1.8008035691279285,0.059682498000702765,0.5343069231735086,0.4792312136236227,0.14700538730073087,-0.09673961761565704,4.111015558242798
119,6307,1.8121892933575612,0.012700439026614404,0.5164067705847183,0.4617685968021177,0.06700806307413106,-0.18129301487626331,4.122670650482178
120,6360,1.772166038459202,0.06541164616509429,0.5359270420839202,0.4745286230771047,0.15143494011025946,-0.11843260788833196,4.1655590534210205
121,6413,1.79847422410857,0.04043362383677993,0.5431859706932644,0.4851903187216453,0.18307545742476886,-0.07361839572846327,4.166297197341919
122,6466,1.7927532016106371,0.12048824491717343,0.5545513551190214,0.49726272388449255,0.23184079072385463,-0.022643762869092653,4.134870290756226
123,6519,1.7936588570756733,0.14499784946301073,0.5387716079657933,0.4806196655867235,0.16818190583924078,-0.0885895264668847,4.157300233840942
124,6572,1.7816883258099825,0.10940195774694658,0.5338794206673244,0.47440441486970436,0.14651955852179593,-0.11376269196845451,4.170265436172485
125,6625,1.7895051645782758,0.07137458416510303,0.5365371754709279,0.47795511360438364,0.15603888069964805,-0.10175723649280251,4.129770040512085
126,6678,1.7693032858506688,0.036746117760831455,0.5471832409219922,0.48374668438479584,0.20442525912427678,-0.0773666787470849,4.109807968139648
127,6731,1.7970453050901305,0.08485155009647023,0.5376279680234082,0.4816768079433801,0.16077899598990972,-0.08740267786636667,4.139801263809204
128,6784,1.8008893323394488,0.06655816976332439,0.5418090286119929,0.4848174475273996,0.18003250960752648,-0.07610728205093797,4.179415941238403
129,6837,1.7990290578806176,-0.008807781380864809,0.5300922956106797,0.4737423596517095,0.12746608903947867,-0.12824592742858068,4.142539024353027
130,6890,1.7712371169396166,0.12233035454421111,0.5550916138684975,0.4919395261215714,0.23795610506368695,-0.038497740086519495,4.1437294483184814
131,6943,1.7996854917058405,0.09910749085247517,0.5413313603626108,0.4852656632099511,0.17767660548242759,-0.0719590541502496,4.180273056030273
132,6996,1.791011097296229,0.08821880792812356,0.5518650845536646,0.49267304674634393,0.22578012421375737,-0.03623499605312662,4.183336019515991
133,7049,1.7947707761008784,0.04958650664830545,0.5219593717242187,0.46736108525744025,0.09296816494315863,-0.14582570944473427,4.099994897842407
134,7102,1.7681796505766094,0.1281002383890017,0.5531325075986251,0.4910547834522319,0.22528473062897628,-0.04736539545767712,4.15005087852478
135,7155,1.7946612879915058,0.05103403589916679,0.5377356022034051,0.48051256784852947,0.157681017411205,-0.10116656033216782,4.166644811630249
136,7208,1.804280697174792,0.07604015885658984,0.5526895562432846,0.49838565936628376,0.2253207619881855,-0.014424064126357718,4.150343179702759
137,7261,1.8006022606255874,0.08778802502267766,0.5449381330103245,0.4884749229224223,0.1951547971979346,-0.0573711505353029,4.119265556335449
138,7314,1.7875580517750866,0.009093563617119249,0.5276920997871543,0.46844916298704325,0.11400236387930389,-0.1526377094944693,4.1823570728302
139,7367,1.7880683799959578,0.15299387054763874,0.5457164392156421,0.48472934680164986,0.1883183441493871,-0.07901712167867513,4.158096790313721
140,7420,1.7960129931287945,0.016790953060647228,0.5351578334592423,0.47840397537879226,0.14872931390297864,-0.1040678840341433,4.123117208480835
141,7473,1.792001798467816,0.04619501952855092,0.5255532596471175,0.46609422676968126,0.10255535164812826,-0.16815929298447269,4.150017738342285
142,7526,1.777932736108888,0.06674938905492143,0.5244378919871349,0.46518513616525903,0.10199688021796492,-0.1608371048779139,4.13708233833313
143,7579,1.7994334562769476,0.03178736941783496,0.542915125500481,0.4852569637433538,0.18270977934435853,-0.08144168636568312,4.139960527420044
144,7632,1.8011742560368664,0.018458163541442942,0.5472936782072175,0.4936307972332217,0.20142005191553594,-0.03540723647851989,4.15003776550293
145,7685,1.8132364030154247,0.03792571325628263,0.5604488101770293,0.5042620419331316,0.2544215898960829,0.004450243247567483,4.13316798210144
146,7738,1.8056969485192929,0.07025714369736752,0.5462099982882446,0.490997295896962,0.19987249708260005,-0.05220228243830069,4.164573431015015
147,7791,1.7996952196337141,0.050852830539334495,0.5311644442801206,0.4766852248389766,0.1319995354861021,-0.1120605690861648,4.160956859588623
148,7844,1.7985279110242736,0.06101937101767311,0.552419718144075,0.49371283459213544,0.2246253251467111,-0.04243029826232847,4.157510280609131
149,7897,1.7647914818997652,0.0030581620082540334,0.5561972384182912,0.49181036173172715,0.23665839981920314,-0.048006085345064696,4.167139530181885
150,7950,1.7899712908942744,0.06476464958966903,0.5192178937624086,0.4606405417874174,0.07964282442446587,-0.18429858388625225,4.122819900512695
151,8003,1.7883378807103858,0.05201288003404186,0.5269878883406801,0.46984999247317044,0.1125751119809893,-0.13739156083397144,4.169563293457031
152,8056,1.8098267766664613,-0.005276481533106768,0.5260038015977392,0.4708019402229561,0.10424652259867147,-0.14719433702950208,4.141351222991943
153,8109,1.797658623389478,0.10766964790604587,0.5389214799089251,0.48221141718468574,0.16690887435216387,-0.08907941618125956,4.144127368927002
154,8162,1.7991350416867238,0.06642250402145228,0.550614096646039,0.4945613292028319,0.21642537903532666,-0.033277937755832133,4.125188589096069
155,8215,1.7926611113098432,0.009903086015497739,0.5195427638179851,0.4610208121110808,0.08097508739469186,-0.18580088518419355,4.144327163696289
156,8268,1.808434398669117,0.08678552301003123,0.5627384753722064,0.5087742743627081,0.2694656000525322,0.02699625604557541,4.148916959762573
157,8321,1.8035841685421061,0.09863737243104656,0.5465811097396994,0.49135231859279127,0.19958015903830528,-0.04523510218791242,4.123503923416138
158,8374,1.8161590999027468,-0.007080963478898103,0.531795120183027,0.4774163545302625,0.13064993208028236,-0.11977528134044611,4.1385040283203125
159,8427,1.8042568463199544,-0.029629146293649135,0.5341594573461784,0.477182056825116,0.14038451384963854,-0.1181978933021145,4.146377801895142
160,8480,1.8163751611169778,-0.0019703643431641022,0.5428273885879876,0.48815819902240104,0.1788321929755357,-0.07195808242936179,4.131181478500366
161,8533,1.7883341942193374,0.06882920434241588,0.538239340174873,0.48043846634199033,0.16238116457144608,-0.0946405930268877,4.183362007141113
162,8586,1.7934965547525659,0.13637947231390565,0.5530910312004809,0.4975074973871123,0.22704336110432194,-0.018643007490713643,4.143860816955566
163,8639,1.7931489607073225,0.05756851951679531,0.5444471757366972,0.4887031401103398,0.18591798103924068,-0.06045354208645393,4.139948129653931
164,8692,1.772036536684576,0.1338410613320346,0.5593559308996741,0.4988855061666021,0.253511756509191,-0.009623881499722318,4.166227340698242
165,8745,1.8162156478413995,0.0014920872899721253,0.5220286505964568,0.46484718570169414,0.08187514803600761,-0.18641522008363368,4.166955471038818
166,8798,1.7850090917551293,0.039479785792107855,0.5508358934015598,0.49047939844851224,0.2082685854215667,-0.06484220278853516,4.142971515655518
167,8851,1.8161334001793052,0.07780249743669662,0.5362175022656063,0.48371184012799895,0.15547901680165865,-0.08686486998010638,4.110790252685547
168,8904,1.789796973174473,0.15900339255601448,0.5383775026168464,0.482038658744884,0.16371756134871043,-0.08514345774673066,4.155815601348877
169,8957,1.776315378692915,-0.05430478219575477,0.5332884709790068,0.47100873094684675,0.1388899874258435,-0.14194367215353645,4.140251636505127
170,9010,1.7960878745564874,0.09226346195165841,0.5451648471490392,0.4893371884552938,0.19366339796205173,-0.054818437838891766,4.118117332458496
171,9063,1.8155555522666786,0.011162688340640292,0.531507357111517,0.4792135622141496,0.12918353146644976,-0.10696900333717184,4.165019989013672
172,9116,1.7982051822374452,0.13636109999047136,0.5492203927265024,0.49305145301908815,0.21035707685744987,-0.04407454598343597,4.183583974838257
173,9169,1.7856821136654548,0.0805608595914717,0.5270836060901858,0.46633441914927287,0.1133211756054804,-0.1655949075829308,4.116477727890015
174,9222,1.8145740909396477,0.0908886580815855,0.5364535102304423,0.4821864259692858,0.15719858198514525,-0.0933895757386707,4.09390926361084
175,9275,1.7929843979061775,0.020164152185590763,0.5287981623748563,0.46731130919366515,0.11391181168410014,-0.16810330056216358,4.1730382442474365
176,9328,1.8220637991743267,0.0055225850697958245,0.5444296952688469,0.4909563550971589,0.18372802967029922,-0.0611432913058209,4.157155513763428
177,9381,1.785447820177618,0.029455529596164542,0.5462602410676345,0.486474446530612,0.1951685923169244,-0.07673798953973741,4.125892639160156
178,9434,1.8156837764775977,0.092386288498089,0.5500408079264298,0.49516588618170543,0.21651550941169262,-0.030713009454731672,4.107484579086304
179,9487,1.8152386354950238,0.1299557024788744,0.5646944636443876,0.5117143392562866,0.27998091241801687,0.04390550109575379,4.149449825286865
180,9540,1.779622235388126,0.07724594518120559,0.5317507290615225,0.4715080758873022,0.13388138837268893,-0.13714441832787586,4.140315771102905
181,9593,1.8013135127301485,0.05740804351725668,0.5332535156663859,0.4766844207385801,0.14178037597745094,-0.11844818898529377,4.098863840103149
182,9646,1.7936199791026566,0.0458391281459832,0.5302862418147752,0.4710382068494581,0.12487054046876025,-0.15425012735122778,4.134423494338989
183,9699,1.8047793518822148,0.06732841282380077,0.5466758215202475,0.4942290968490097,0.19841562294102502,-0.031608498760692355,4.1832802295684814
184,9752,1.8082936124981575,0.019245245529092708,0.53669765422929,0.4821220923144862,0.15525551815077943,-0.09355304396342275,4.133432626724243
185,9805,1.759664755947185,0.08707252543700754,0.5434409087558962,0.4799361262681349,0.18295797754852278,-0.09932427711011667,4.1296141147613525
186,9858,1.8097762499215468,0.03185546927083776,0.5366891740628008,0.4845524784528984,0.1563034791429088,-0.07764635600571362,4.163658857345581
187,9911,1.7971359536332905,0.008752142711770985,0.5414025918492731,0.4848902978987064,0.17469511801412083,-0.08270744742157887,4.17353367805481
188,9964,1.7868611970037784,0.03190958130893842,0.5378269345130561,0.4777310906716113,0.16075259552530521,-0.11183428743256713,4.12917160987854
189,10017,1.7861598955010467,0.03017765093805655,0.5339602681825746,0.47408860865628943,0.14187484723076504,-0.1299807016017302,4.122491836547852
190,10070,1.7944692913091407,0.05314303656934567,0.5554980641266085,0.4965949750171517,0.2378587200886236,-0.029394008482823957,4.1745524406433105
191,10123,1.8256611059296806,0.016784728522289474,0.5308978405763518,0.4789630495152383,0.12893685037797353,-0.11217372136998852,4.136514186859131
192,10176,1.8064677737793833,0.04029171864660281,0.5429091447929166,0.4897430533508085,0.18125041523280572,-0.05980760210527564,4.106072902679443
193,10229,1.8014251286128782,0.04673903235146459,0.5422327299163027,0.4808763563632965,0.17660543835669193,-0.1067984348760461,4.141005516052246
194,10282,1.7813214513490785,0.14440121719578528,0.5555564519369377,0.4948416166710404,0.23918767828705176,-0.031210257250042457,4.148161172866821
195,10335,1.7936585331862827,0.053894631476756535,0.5401743757274916,0.48124115422086894,0.16787597226014114,-0.1054421287943732,4.138771295547485
196,10388,1.7829759233402755,0.13229991861109464,0.5441021812411974,0.483942485080575,0.18599837702119126,-0.08235911318575437,4.144063472747803
197,10441,1.7869249604782969,0.04675374155477533,0.5452755071082205,0.48593837641320137,0.1958272157693809,-0.06974621762011973,4.14592170715332
198,10494,1.7920465784252815,0.04546008211613264,0.5445708699946133,0.4867413454460648,0.18762598759582583,-0.078235626203131,4.139863014221191
199,10547,1.8021561177271717,0.07195833409732243,0.5563470653767856,0.49984371605909095,0.24006087536800583,-0.016733510859029473,4.139590263366699
200,10600,1.8056444536964849,0.0097377405343753,0.5358290649809927,0.48160218067888944,0.15020059614512576,-0.0965391374632435,4.1423749923706055
201,10653,1.776350104583884,0.015165058193060587,0.5456541624833953,0.48416698766204547,0.19252213774213814,-0.08942600227189514,4.11623215675354
202,10706,1.7929015631945628,0.13030632701263112,0.5410916569097987,0.4850107600104134,0.17609775655041887,-0.07313861395671682,4.116580009460449
203,10759,1.732594276374241,0.15436970526001081,0.5643601569364656,0.4930042034050204,0.2730900079082206,-0.0447720117023531,4.130317449569702
204,10812,1.8267704810736314,0.04139254723657977,0.5439401848136254,0.49060818552970886,0.19073235642446099,-0.06097316351842205,4.154520750045776
205,10865,1.7794986423456445,0.06465760456784717,0.5433850428968106,0.4820090363610466,0.1851006638750715,-0.10287055756264138,4.1246490478515625
206,10918,1.783602752775516,0.0981544245842774,0.5416953704267178,0.48145813396516834,0.1762864314863142,-0.09924739492037948,4.121444463729858
207,10971,1.7938378037146803,0.019331087692166276,0.5320728938534575,0.474956159321767,0.13484835863675712,-0.12914678735553092,4.136087894439697
208,11024,1.8202259068219167,0.07333899876278527,0.5445792601918275,0.49134225103090395,0.19070800084550427,-0.06256542112326847,4.145541667938232
209,11077,1.7983381725707144,0.07341974406098982,0.5344176303665593,0.4764266747911021,0.14527993881196347,-0.12465628138128317,4.137612581253052
210,11130,1.7995688150513847,-0.027030080627158004,0.5428131003424806,0.48484552974970835,0.1801165748246998,-0.08557036946053212,4.155215501785278
211,11183,1.7629926856958642,0.06546174724287582,0.577701819955178,0.5131306147800302,0.33317776168433,0.047013846524762655,4.1451146602630615
212,11236,1.7735481667068769,0.022999486393945397,0.5490122313769359,0.48622497410144444,0.20883352994778245,-0.07260354453662657,4.1521522998809814
213,11289,1.7816377743235174,0.05803897713293445,0.5543610374882536,0.494590717104246,0.2290561673635582,-0.0411822789366234,4.159488201141357
214,11342,1.7719982502595433,0.09646705457202669,0.5461624034170834,0.48360435861461565,0.1971161888455445,-0.08417713986533992,4.1310508251190186
215,11395,1.771986871395471,0.1098435640616237,0.5703108411914898,0.509049543232288,0.29970415200124373,0.029572770157653205,4.140325307846069
216,11448,1.8212314911608427,0.04572102754324112,0.5416523814201355,0.48989480621409864,0.17930007444800072,-0.057164721507227644,4.160102128982544
217,11501,1.7548843352299817,0.11529357520476827,0.5564896295655448,0.4875880221150956,0.24083383247818588,-0.07224739400915942,4.1227922439575195
218,11554,1.7891760164836668,0.014136651917448584,0.540910041557168,0.47945002255574715,0.1692486797230986,-0.11910305186262671,4.13333535194397
219,11607,1.781427745549184,0.11586501307012338,0.5569568057105226,0.4952974021434784,0.2450063240556222,-0.03307406073611862,4.15038275718689
220,11660,1.7860579985492635,0.0016126235560426172,0.5437094091244463,0.48553847479370404,0.18386594304498635,-0.08017385315220311,4.182949542999268
221,11713,1.772722284748869,-0.007449136730634941,0.5527177166264012,0.4874962720106233,0.22343436249022214,-0.07714235560335922,4.127505779266357
222,11766,1.802497018058345,0.008463710651926274,0.5379815618946867,0.48190300869491864,0.1563123209788552,-0.1056053665519323,4.106229782104492
223,11819,1.800499104103952,0.039783988938719594,0.5520505967005244,0.4938765674267175,0.21830486590569875,-0.04913171605681473,4.1828577518463135
224,11872,1.7634660208000328,0.0640979004004654,0.553638015715581,0.48956746256576394,0.2274708803040239,-0.05709471015857076,4.161467552185059
225,11925,1.7789967577412444,0.125652966845148,0.5551559419002173,0.4940153306947564,0.2348714904543364,-0.047146399400003675,4.194551467895508
226,11978,1.7799564734944757,0.07412032906036332,0.5519521495081344,0.4919957940308553,0.22228926369252633,-0.042779882438480854,4.095386266708374
227,12031,1.7792360760130972,0.04356906208086689,0.5424051279166959,0.4796802052911722,0.18055315679466388,-0.11615027675299712,4.1687657833099365
228,12084,1.7734091191921595,0.0481452845247849,0.5370217589837201,0.47205422790545337,0.15621703755953964,-0.14873071017516953,4.154190301895142
229,12137,1.7842502818917327,0.005020657273114852,0.5366239946968151,0.4770898397238749,0.15147822343234746,-0.12016241719840833,4.12932562828064
230,12190,1.7564069527500081,0.0911661666940968,0.5484982875158202,0.48239047909682653,0.20476420322116815,-0.09415648346942551,4.150212049484253
231,12243,1.8090266124257501,0.034330245177700836,0.5620433058378831,0.5076366201886591,0.2662351856465047,0.016581759278504353,4.160022258758545
232,12296,1.8025068584478126,0.0029914346260001075,0.5368140058697395,0.47973064712758334,0.1515149770761436,-0.11169479065135403,4.133177995681763
233,12349,1.7795971969388567,0.09298653081762341,0.5514147793346981,0.48944861202869777,0.2203645149667589,-0.06223978349974133,4.123761177062988
234,12402,1.8164743882305217,-0.006169325303075448,0.5300989232535632,0.47109558784736777,0.11361059187999312,-0.16478960795925474,4.160010576248169
235,12455,1.782771479408696,0.05598505920256084,0.5556488841209771,0.4943550870103656,0.23513212257047306,-0.042464263438475584,4.160126447677612
236,12508,1.7868668335788656,0.020409908848551084,0.5488803161765045,0.48705344548765217,0.20532011976992748,-0.07916371448773821,4.116219520568848
237,12561,1.7772283081738454,0.06401173601735313,0.5435780396438995,0.4775634174639324,0.17429348116494575,-0.12702084564656582,4.132843017578125
238,12614,1.7900123596191406,0.09453630507132917,0.5521357391240462,0.49225706311891665,0.22077322898889487,-0.0517123161973256,4.15630578994751
239,12667,1.7721751433498454,0.05051712986995589,0.5731982301990941,0.5086549863500415,0.3121472908324509,0.016341149279812596,4.137768983840942
240,12720,1.802414500488425,0.0880642521528984,0.5453807807193612,0.48973976300572447,0.19327703223757023,-0.05883734441309605,4.121161222457886
241,12773,1.760044518506752,0.033774008289120104,0.5597084889996726,0.4899196203024882,0.24492611845006357,-0.07295637992474269,4.14907431602478
242,12826,1.8143598875909481,-0.04375010908071725,0.5438683544689754,0.4896762857459626,0.1851688949566967,-0.06878233676389703,4.182913780212402
243,12879,1.80431951666778,0.0023110674799613233,0.5594182762334932,0.5038172057214773,0.2514615160641524,-0.0006806499518032344,4.115623474121094
244,12932,1.8056883474565901,0.04203520585202946,0.5456774319117924,0.4865903820631639,0.190244026306384,-0.08855404244419539,4.122588872909546
245,12985,1.7559003110201854,-0.018626216236712796,0.5400904799407383,0.4718879174511388,0.17148243365282156,-0.1453765988139049,4.164829254150391
246,13038,1.8210685658005048,0.010670943906144151,0.5421476549697373,0.48979957204944685,0.1772332231707449,-0.06269165516813409,4.139287233352661
247,13091,1.8125888581545848,0.05242288906900388,0.5411762195938038,0.48259477120525435,0.15920094553521782,-0.11579183214959109,4.144449949264526
248,13144,1.7902702700416997,0.0323400574578148,0.561447411775589,0.5037335056178974,0.26010663596526634,0.002965496466407236,4.154029130935669
249,13197,1.7926203079943388,0.06431446073330799,0.555498868227005,0.4977512848827074,0.23648222170348437,-0.021308283198554562,4.149977445602417
250,13250,1.7834418404777095,0.0632839865349936,0.5362142510009262,0.4736936896477105,0.15097526839565276,-0.13587467087749042,4.140719652175903
251,13303,1.7601728236900185,0.08937872064141732,0.5478610711277656,0.4818365365829108,0.20098089191289442,-0.09780042432248592,4.117347240447998
252,13356,1.7906061928227264,0.021856929614858807,0.5476894969085477,0.4878727186400935,0.1994043388667534,-0.07665706763290009,4.141066789627075
253,13409,1.779765079606254,0.13444035846458854,0.5535440596769441,0.49450487910576585,0.22840407422199002,-0.03360772921861905,4.1483070850372314
254,13462,1.786394067530362,0.012129851880500902,0.5395652415617457,0.47914858359210893,0.16598905450752321,-0.11422584128548514,4.149922132492065
255,13515,1.7745795654800702,0.056935642353909195,0.5487836790534685,0.4841710239086511,0.20956301227879692,-0.08615428279593305,4.147862195968628
256,13568,1.768562305648372,-0.09446817033766013,0.5398383303633276,0.4757788648020546,0.1670694432203781,-0.12349036776126837,4.152116298675537
257,13621,1.792195421344829,0.013289280200623116,0.5518453014346788,0.4923077073861968,0.2196555151340534,-0.05312613023550443,4.161210060119629
258,13674,1.7791441476569985,0.06648474907115945,0.5533058899191191,0.49203642190627334,0.22012335701652294,-0.051940906353576004,4.148778676986694
259,13727,1.7728719936226898,0.010925905884436841,0.5416437612389619,0.4762726589193884,0.1773036510666024,-0.11836686834060359,4.135639667510986
260,13780,1.8398006547172114,-0.023932479181379644,0.5337189047966363,0.4835838101944833,0.14265689677295257,-0.09331987984478474,4.1646575927734375
261,13833,1.7939227886919706,-0.002751018368762057,0.5396051001998613,0.4787332176599862,0.16844196130855466,-0.11544650536522551,4.149780750274658
262,13886,1.8002699501109574,0.010842292024841849,0.542342575653544,0.4800989655953533,0.17164900034384908,-0.12589150452810638,4.143132448196411
263,13939,1.8137082896142636,-0.0057394914504773215,0.5425355355694609,0.488578735657458,0.17823452667667056,-0.07405782030579054,4.136539697647095
264,13992,1.801742990061922,0.06505698359237527,0.5494069547023414,0.49152720593056587,0.21063281448101098,-0.05614574873855092,4.134681463241577
265,14045,1.7881236571185994,0.058422516855709955,0.5533460547339242,0.4934751852503363,0.22537440659021432,-0.046117068567084814,4.148475646972656
266,14098,1.779863400279351,-0.011973192528733667,0.5431419582861774,0.481382724249138,0.18110256592901247,-0.10044656943459555,4.137747526168823
267,14151,1.8050381597482934,-0.0026626566530398603,0.5270199398949461,0.46685735853213184,0.10989247381968319,-0.18462140193947083,4.182860851287842
268,14204,1.7579959855889373,0.12253309656286014,0.5636943702427846,0.49730890033380043,0.27465064331607997,-0.023705426849565416,4.172947645187378
269,14257,1.7866744702717043,0.09212563390720566,0.5546630176733125,0.4904912684885961,0.22313906545838658,-0.06597464457857159,4.134929895401001
270,14310,1.7890244519935463,0.02359789051115513,0.5436097867084,0.4835740333458163,0.18391409245723822,-0.0915488147721538,4.138408899307251
271,14363,1.80929053504512,-0.0034384435956489367,0.547682634783241,0.4912062351996044,0.19616854153924956,-0.07170330552067959,4.163943529129028
272,14416,1.786940410452069,0.06309079906007029,0.5501616074229186,0.49080623377044247,0.21390114373193597,-0.0502582311911403,4.163362741470337
273,14469,1.7788777013994612,0.015787769460453176,0.5446482677504701,0.482501117125997,0.18857597341796137,-0.09505985899529648,4.127865791320801
274,14522,1.798286608929904,0.0329201623691984,0.5466893810146259,0.4906990072637234,0.19731032304500914,-0.05545205510449859,4.17156457901001
275,14575,1.7965777415149617,0.04173745840506734,0.5407123993027885,0.4805971996964149,0.1735552426005872,-0.10983573434487828,4.1682703495025635
276,14628,1.7881105710875314,0.0775360413387699,0.5497057949596981,0.4902037983795382,0.2113809990433027,-0.05757727691868566,4.14374303817749
277,14681,1.8183839276151836,-0.033890709649982316,0.5419756688599316,0.4874140980108729,0.16972094869135684,-0.09268044884193619,4.108532667160034
278,14734,1.7786920408032976,0.11309662053607544,0.5593998949482756,0.49894455862495135,0.2515463838529474,-0.018215001894617982,4.156835317611694
279,14787,1.7977836604388255,0.04185422239297966,0.5433076923748232,0.48651094594091737,0.18411545859614634,-0.0805466172443527,4.175714492797852
280,14840,1.7931278246753621,0.06235693880128411,0.5568237417149093,0.49673005769837575,0.24387175934213512,-0.03281285489891779,4.1195385456085205
281,14893,1.7987205892238978,-0.0040625238896540876,0.5414799935412857,0.48442470127681514,0.17425681923006503,-0.08946296509425596,4.11114239692688
282,14946,1.7804249480085552,0.08583465700020206,0.5513603777255652,0.48935962173174014,0.20984084280383475,-0.0667246940879608,4.143148422241211
283,14999,1.766716628704431,0.0703350652606701,0.5756951604249343,0.5131105105831938,0.32325538957737526,0.04673026558363213,4.174437999725342
284,15052,1.7566710283171456,0.05490292722956752,0.5493066198420975,0.48376411368262096,0.20766332278133565,-0.08138713975138259,4.108875036239624
285,15105,1.774486076157048,0.03357191281920334,0.5587541730898731,0.4977118384163335,0.24795867142460817,-0.02370212272793617,4.143035411834717
286,15158,1.8167433333846759,-0.06974994099505667,0.5362757677739521,0.47874476549760353,0.14224780022324818,-0.12280362974500882,4.160928726196289
287,15211,1.7653465450934644,-0.010931544849332774,0.550394353439223,0.48458728222352154,0.20816636621460038,-0.09206798254459533,4.123397350311279
288,15264,1.7863282864948489,-0.02594337559674146,0.53957059642054,0.4782222374430243,0.16534839530106424,-0.1268119941518273,4.116057634353638
289,15317,1.7556583004177742,0.10463919594251322,0.5575905549076369,0.4906006371075252,0.24698059686090587,-0.0534898818663831,4.1522157192230225
290,15370,1.8309480536658809,0.034219045297435996,0.5338164843478292,0.48052691176252543,0.13790198325899974,-0.11596774081435968,4.148115873336792
291,15423,1.7963293183524653,0.061161295633833365,0.5582702249850867,0.4994794180933035,0.24752814336767737,-0.02297474292792239,4.108565330505371
292,15476,1.8002391266372968,0.03702935335700804,0.5471378947204014,0.49095774765284556,0.2006606353833428,-0.05598240602269487,4.1475629806518555
293,15529,1.8030207606981385,0.04648781214612273,0.5385834006768353,0.4829593379542513,0.1625542385538794,-0.09531969910065802,4.160266399383545
294,15582,1.7958146108771271,0.08427463126597258,0.5452239884520477,0.4831579726821971,0.18855829835640933,-0.10448125480972933,4.120759010314941
295,15635,1.7519235273577132,0.04543215774421422,0.5573424635068426,0.49093916506137486,0.23987773264635284,-0.05252296686664505,4.103838682174683
296,15688,1.7869697651773129,0.040186742004358546,0.5395000447642129,0.475924977154102,0.16466246432853196,-0.13641013549465053,4.199507236480713
297,15741,1.8043098179799206,0.02768303104237003,0.537261631128923,0.48157260552892145,0.15464470742867803,-0.10206050496056394,4.15826153755188
298,15794,1.8073884496149026,-0.014308478683233261,0.547276791536583,0.49318004273018745,0.19924290334138106,-0.0500061950242182,4.132337808609009
299,15847,1.8055487241385118,-0.012612622503612964,0.5477449612797431,0.49068371642310665,0.19934454033116125,-0.07349510660465315,4.162123918533325
300,15900,1.7935172027012087,0.047333013811060844,0.5720803855725054,0.513124979329559,0.30818041020406867,0.0425013523759707,4.1507086753845215
